competition,season,date,home_team,away_team,home_goals,away_goals,neutral_site,stage,round,score_basis,decided_by_penalties,winner,notes
WorldCupQualifiers,2026,2023-09-07,Argentina,Ecuador,1,0,False,Qualification,Qualification,full_time,False,Argentina,"Venue: Buenos Aires, Argentina"
WorldCupQualifiers,2026,2023-09-07,Colombia,Venezuela,1,0,False,Qualification,Qualification,full_time,False,Colombia,"Venue: Barranquilla, Colombia"
WorldCupQualifiers,2026,2023-09-07,Paraguay,Peru,0,0,False,Qualification,Qualification,full_time,False,,"Venue: Ciudad del Este, Paraguay"
WorldCupQualifiers,2026,2023-09-08,Brazil,Bolivia,5,1,False,Qualification,Qualification,full_time,False,Brazil,"Venue: Belém, Brazil"
WorldCupQualifiers,2026,2023-09-08,Uruguay,Chile,3,1,False,Qualification,Qualification,full_time,False,Uruguay,"Venue: Montevideo, Uruguay"
WorldCupQualifiers,2026,2023-09-12,Bolivia,Argentina,0,3,False,Qualification,Qualification,full_time,False,Argentina,"Venue: La Paz, Bolivia"
WorldCupQualifiers,2026,2023-09-12,Chile,Colombia,0,0,False,Qualification,Qualification,full_time,False,,"Venue: Santiago, Chile"
WorldCupQualifiers,2026,2023-09-12,Ecuador,Uruguay,2,1,False,Qualification,Qualification,full_time,False,Ecuador,"Venue: Quito, Ecuador"
WorldCupQualifiers,2026,2023-09-12,Peru,Brazil,0,1,False,Qualification,Qualification,full_time,False,Brazil,"Venue: Lima, Peru"
WorldCupQualifiers,2026,2023-09-12,Venezuela,Paraguay,1,0,False,Qualification,Qualification,full_time,False,Venezuela,"Venue: Maturín, Venezuela"
WorldCupQualifiers,2026,2023-10-12,Afghanistan,Mongolia,1,0,True,Qualification,Qualification,full_time,False,Afghanistan,"Venue: Dushanbe, Tajikistan"
WorldCupQualifiers,2026,2023-10-12,Argentina,Paraguay,1,0,False,Qualification,Qualification,full_time,False,Argentina,"Venue: Buenos Aires, Argentina"
WorldCupQualifiers,2026,2023-10-12,Bolivia,Ecuador,1,2,False,Qualification,Qualification,full_time,False,Ecuador,"Venue: La Paz, Bolivia"
WorldCupQualifiers,2026,2023-10-12,Brazil,Venezuela,1,1,False,Qualification,Qualification,full_time,False,,"Venue: Cuiabá, Brazil"
WorldCupQualifiers,2026,2023-10-12,Cambodia,Pakistan,0,0,False,Qualification,Qualification,full_time,False,,"Venue: Phnom Penh, Cambodia"
WorldCupQualifiers,2026,2023-10-12,Chile,Peru,2,0,False,Qualification,Qualification,full_time,False,Chile,"Venue: Santiago, Chile"
WorldCupQualifiers,2026,2023-10-12,Colombia,Uruguay,2,2,False,Qualification,Qualification,full_time,False,,"Venue: Barranquilla, Colombia"
WorldCupQualifiers,2026,2023-10-12,Hong Kong,Bhutan,4,0,False,Qualification,Qualification,full_time,False,Hong Kong,"Venue: Hong Kong, Hong Kong"
WorldCupQualifiers,2026,2023-10-12,Indonesia,Brunei,6,0,False,Qualification,Qualification,full_time,False,Indonesia,"Venue: Jakarta, Indonesia"
WorldCupQualifiers,2026,2023-10-12,Maldives,Bangladesh,1,1,False,Qualification,Qualification,full_time,False,,"Venue: Malé, Maldives"
WorldCupQualifiers,2026,2023-10-12,Myanmar,Macau,5,1,False,Qualification,Qualification,full_time,False,Myanmar,"Venue: Yangon, Myanmar"
WorldCupQualifiers,2026,2023-10-12,Nepal,Laos,1,1,False,Qualification,Qualification,full_time,False,,"Venue: Kathmandu, Nepal"
WorldCupQualifiers,2026,2023-10-12,Singapore,Guam,2,1,False,Qualification,Qualification,full_time,False,Singapore,"Venue: Kallang, Singapore"
WorldCupQualifiers,2026,2023-10-12,Taiwan,Timor-Leste,4,0,False,Qualification,Qualification,full_time,False,Taiwan,"Venue: Kaohsiung, Taiwan"
WorldCupQualifiers,2026,2023-10-12,Yemen,Sri Lanka,3,0,True,Qualification,Qualification,full_time,False,Yemen,"Venue: Abha, Saudi Arabia"
WorldCupQualifiers,2026,2023-10-17,Bangladesh,Maldives,2,1,False,Qualification,Qualification,full_time,False,Bangladesh,"Venue: Dhaka, Bangladesh"
WorldCupQualifiers,2026,2023-10-17,Bhutan,Hong Kong,2,0,False,Qualification,Qualification,full_time,False,Bhutan,"Venue: Thimphu, Bhutan"
WorldCupQualifiers,2026,2023-10-17,Brunei,Indonesia,0,6,False,Qualification,Qualification,full_time,False,Indonesia,"Venue: Bandar Seri Begawan, Brunei"
WorldCupQualifiers,2026,2023-10-17,Ecuador,Colombia,0,0,False,Qualification,Qualification,full_time,False,,"Venue: Quito, Ecuador"
WorldCupQualifiers,2026,2023-10-17,Guam,Singapore,0,1,False,Qualification,Qualification,full_time,False,Singapore,"Venue: Dededo, Guam"
WorldCupQualifiers,2026,2023-10-17,Laos,Nepal,0,1,False,Qualification,Qualification,full_time,False,Nepal,"Venue: Vientiane, Laos"
WorldCupQualifiers,2026,2023-10-17,Macau,Myanmar,0,0,False,Qualification,Qualification,full_time,False,,"Venue: Taipa, Macau"
WorldCupQualifiers,2026,2023-10-17,Mongolia,Afghanistan,0,1,False,Qualification,Qualification,full_time,False,Afghanistan,"Venue: Ulaanbaatar, Mongolia"
WorldCupQualifiers,2026,2023-10-17,Pakistan,Cambodia,1,0,False,Qualification,Qualification,full_time,False,Pakistan,"Venue: Islamabad, Pakistan"
WorldCupQualifiers,2026,2023-10-17,Paraguay,Bolivia,1,0,False,Qualification,Qualification,full_time,False,Paraguay,"Venue: Asunción, Paraguay"
WorldCupQualifiers,2026,2023-10-17,Peru,Argentina,0,2,False,Qualification,Qualification,full_time,False,Argentina,"Venue: Lima, Peru"
WorldCupQualifiers,2026,2023-10-17,Sri Lanka,Yemen,1,1,False,Qualification,Qualification,full_time,False,,"Venue: Colombo, Sri Lanka"
WorldCupQualifiers,2026,2023-10-17,Taiwan,Timor-Leste,3,0,False,Qualification,Qualification,full_time,False,Taiwan,"Venue: Kaohsiung, Taiwan"
WorldCupQualifiers,2026,2023-10-17,Uruguay,Brazil,2,0,False,Qualification,Qualification,full_time,False,Uruguay,"Venue: Montevideo, Uruguay"
WorldCupQualifiers,2026,2023-10-17,Venezuela,Chile,3,0,False,Qualification,Qualification,full_time,False,Venezuela,"Venue: Maturín, Venezuela"
WorldCupQualifiers,2026,2023-11-15,DR Congo,Mauritania,2,0,False,Qualification,Qualification,full_time,False,DR Congo,"Venue: Kinshasa, DR Congo"
WorldCupQualifiers,2026,2023-11-15,Equatorial Guinea,Namibia,0,3,False,Qualification,Qualification,full_time,False,Namibia,"Venue: Malabo, Equatorial Guinea"
WorldCupQualifiers,2026,2023-11-15,Ethiopia,Sierra Leone,0,0,True,Qualification,Qualification,full_time,False,,"Venue: El Jadida, Morocco"
WorldCupQualifiers,2026,2023-11-15,Rwanda,Zimbabwe,0,0,False,Qualification,Qualification,full_time,False,,"Venue: Butare, Rwanda"
WorldCupQualifiers,2026,2023-11-16,Algeria,Somalia,3,1,False,Qualification,Qualification,full_time,False,Algeria,"Venue: Algiers, Algeria"
WorldCupQualifiers,2026,2023-11-16,Argentina,Uruguay,0,2,False,Qualification,Qualification,full_time,False,Uruguay,"Venue: Buenos Aires, Argentina"
WorldCupQualifiers,2026,2023-11-16,Australia,Bangladesh,7,0,False,Qualification,Qualification,full_time,False,Australia,"Venue: Melbourne, Australia"
WorldCupQualifiers,2026,2023-11-16,Bolivia,Peru,2,0,False,Qualification,Qualification,full_time,False,Bolivia,"Venue: La Paz, Bolivia"
WorldCupQualifiers,2026,2023-11-16,Botswana,Mozambique,2,3,False,Qualification,Qualification,full_time,False,Mozambique,"Venue: Francistown, Botswana"
WorldCupQualifiers,2026,2023-11-16,Burundi,Gambia,3,2,True,Qualification,Qualification,full_time,False,Burundi,"Venue: Dar es Salaam, Tanzania"
WorldCupQualifiers,2026,2023-11-16,Cabo Verde,Angola,0,0,False,Qualification,Qualification,full_time,False,,"Venue: Praia, Cape Verde"
WorldCupQualifiers,2026,2023-11-16,Chile,Paraguay,0,0,False,Qualification,Qualification,full_time,False,,"Venue: Santiago, Chile"
WorldCupQualifiers,2026,2023-11-16,Colombia,Brazil,2,1,False,Qualification,Qualification,full_time,False,Colombia,"Venue: Barranquilla, Colombia"
WorldCupQualifiers,2026,2023-11-16,Egypt,Djibouti,6,0,False,Qualification,Qualification,full_time,False,Egypt,"Venue: Cairo, Egypt"
WorldCupQualifiers,2026,2023-11-16,Gabon,Kenya,2,1,False,Qualification,Qualification,full_time,False,Gabon,"Venue: Franceville, Gabon"
WorldCupQualifiers,2026,2023-11-16,Iran,Hong Kong,4,0,False,Qualification,Qualification,full_time,False,Iran,"Venue: Tehran, Iran"
WorldCupQualifiers,2026,2023-11-16,Iraq,Indonesia,5,1,False,Qualification,Qualification,full_time,False,Iraq,"Venue: Basra, Iraq"
WorldCupQualifiers,2026,2023-11-16,Japan,Myanmar,5,0,False,Qualification,Qualification,full_time,False,Japan,"Venue: Suita, Japan"
WorldCupQualifiers,2026,2023-11-16,Kuwait,India,0,1,False,Qualification,Qualification,full_time,False,India,"Venue: Kuwait City, Kuwait"
WorldCupQualifiers,2026,2023-11-16,Lebanon,Palestine,0,0,True,Qualification,Qualification,full_time,False,,"Venue: Sharjah, United Arab Emirates"
WorldCupQualifiers,2026,2023-11-16,Malaysia,Kyrgyzstan,4,3,False,Qualification,Qualification,full_time,False,Malaysia,"Venue: Kuala Lumpur, Malaysia"
WorldCupQualifiers,2026,2023-11-16,Nigeria,Lesotho,1,1,False,Qualification,Qualification,full_time,False,,"Venue: Uyo, Nigeria"
WorldCupQualifiers,2026,2023-11-16,Oman,Taiwan,3,0,False,Qualification,Qualification,full_time,False,Oman,"Venue: Muscat, Oman"
WorldCupQualifiers,2026,2023-11-16,Philippines,Vietnam,0,2,False,Qualification,Qualification,full_time,False,Vietnam,"Venue: Manila, Philippines"
WorldCupQualifiers,2026,2023-11-16,Qatar,Afghanistan,8,1,False,Qualification,Qualification,full_time,False,Qatar,"Venue: Al Rayyan, Qatar"
WorldCupQualifiers,2026,2023-11-16,Saudi Arabia,Pakistan,4,0,False,Qualification,Qualification,full_time,False,Saudi Arabia,"Venue: Al Hofuf, Saudi Arabia"
WorldCupQualifiers,2026,2023-11-16,South Korea,Singapore,5,0,False,Qualification,Qualification,full_time,False,South Korea,"Venue: Seoul, South Korea"
WorldCupQualifiers,2026,2023-11-16,Sudan,Togo,1,1,True,Qualification,Qualification,full_time,False,,"Venue: Benghazi, Libya"
WorldCupQualifiers,2026,2023-11-16,Syria,North Korea,1,0,True,Qualification,Qualification,full_time,False,Syria,"Venue: Jeddah, Saudi Arabia"
WorldCupQualifiers,2026,2023-11-16,Tajikistan,Jordan,1,1,False,Qualification,Qualification,full_time,False,,"Venue: Dushanbe, Tajikistan"
WorldCupQualifiers,2026,2023-11-16,Thailand,China PR,1,2,False,Qualification,Qualification,full_time,False,China PR,"Venue: Bangkok, Thailand"
WorldCupQualifiers,2026,2023-11-16,Turkmenistan,Uzbekistan,1,3,False,Qualification,Qualification,full_time,False,Uzbekistan,"Venue: Ashgabat, Turkmenistan"
WorldCupQualifiers,2026,2023-11-16,United Arab Emirates,Nepal,4,0,False,Qualification,Qualification,full_time,False,United Arab Emirates,"Venue: Dubai, United Arab Emirates"
WorldCupQualifiers,2026,2023-11-16,Venezuela,Ecuador,0,0,False,Qualification,Qualification,full_time,False,,"Venue: Maturín, Venezuela"
WorldCupQualifiers,2026,2023-11-16,Yemen,Bahrain,0,2,True,Qualification,Qualification,full_time,False,Bahrain,"Venue: Abha, Saudi Arabia"
WorldCupQualifiers,2026,2023-11-17,Burkina Faso,Guinea-Bissau,1,1,True,Qualification,Qualification,full_time,False,,"Venue: Marrakech, Morocco"
WorldCupQualifiers,2026,2023-11-17,Cameroon,Mauritius,3,0,False,Qualification,Qualification,full_time,False,Cameroon,"Venue: Douala, Cameroon"
WorldCupQualifiers,2026,2023-11-17,Comoros,Central African Republic,4,2,False,Qualification,Qualification,full_time,False,Comoros,"Venue: Moroni, Comoros"
WorldCupQualifiers,2026,2023-11-17,Eswatini,Libya,0,1,True,Qualification,Qualification,full_time,False,Libya,"Venue: Mbombela, South Africa"
WorldCupQualifiers,2026,2023-11-17,Ghana,Madagascar,1,0,False,Qualification,Qualification,full_time,False,Ghana,"Venue: Kumasi, Ghana"
WorldCupQualifiers,2026,2023-11-17,Guinea,Uganda,2,1,True,Qualification,Qualification,full_time,False,Guinea,"Venue: Berkane, Morocco"
WorldCupQualifiers,2026,2023-11-17,Ivory Coast,Seychelles,9,0,False,Qualification,Qualification,full_time,False,Ivory Coast,"Venue: Abidjan, Ivory Coast"
WorldCupQualifiers,2026,2023-11-17,Liberia,Malawi,0,1,False,Qualification,Qualification,full_time,False,Malawi,"Venue: Monrovia, Liberia"
WorldCupQualifiers,2026,2023-11-17,Mali,Chad,3,1,False,Qualification,Qualification,full_time,False,Mali,"Venue: Bamako, Mali"
WorldCupQualifiers,2026,2023-11-17,Tunisia,São Tomé and Príncipe,4,0,False,Qualification,Qualification,full_time,False,Tunisia,"Venue: Radès, Tunisia"
WorldCupQualifiers,2026,2023-11-17,Zambia,Congo,4,2,False,Qualification,Qualification,full_time,False,Zambia,"Venue: Ndola, Zambia"
WorldCupQualifiers,2026,2023-11-18,Niger,Tanzania,0,1,True,Qualification,Qualification,full_time,False,Tanzania,"Venue: Marrakech, Morocco"
WorldCupQualifiers,2026,2023-11-18,Senegal,South Sudan,4,0,False,Qualification,Qualification,full_time,False,Senegal,"Venue: Diamniadio, Senegal"
WorldCupQualifiers,2026,2023-11-18,South Africa,Benin,2,1,False,Qualification,Qualification,full_time,False,South Africa,"Venue: Durban, South Africa"
WorldCupQualifiers,2026,2023-11-19,Burundi,Gabon,1,2,True,Qualification,Qualification,full_time,False,Gabon,"Venue: Dar es Salaam, Tanzania"
WorldCupQualifiers,2026,2023-11-19,Mozambique,Algeria,0,2,False,Qualification,Qualification,full_time,False,Algeria,"Venue: Maputo, Mozambique"
WorldCupQualifiers,2026,2023-11-19,Sierra Leone,Egypt,0,2,True,Qualification,Qualification,full_time,False,Egypt,"Venue: Monrovia, Liberia"
WorldCupQualifiers,2026,2023-11-19,Sudan,DR Congo,1,0,True,Qualification,Qualification,full_time,False,Sudan,"Venue: Benghazi, Libya"
WorldCupQualifiers,2026,2023-11-19,Zimbabwe,Nigeria,1,1,True,Qualification,Qualification,full_time,False,,"Venue: Butare, Rwanda"
WorldCupQualifiers,2026,2023-11-20,Chad,Madagascar,0,3,True,Qualification,Qualification,full_time,False,Madagascar,"Venue: Oujda, Morocco"
WorldCupQualifiers,2026,2023-11-20,Djibouti,Guinea-Bissau,0,1,True,Qualification,Qualification,full_time,False,Guinea-Bissau,"Venue: Cairo, Egypt"
WorldCupQualifiers,2026,2023-11-20,Gambia,Ivory Coast,0,2,True,Qualification,Qualification,full_time,False,Ivory Coast,"Venue: Dar es Salaam, Tanzania"
WorldCupQualifiers,2026,2023-11-20,Liberia,Equatorial Guinea,3,0,False,Qualification,Qualification,full_time,False,Liberia,"Venue: Monrovia, Liberia"
WorldCupQualifiers,2026,2023-11-20,Mali,Central African Republic,1,1,False,Qualification,Qualification,full_time,False,,"Venue: Bamako, Mali"
WorldCupQualifiers,2026,2023-11-20,Seychelles,Kenya,0,5,True,Qualification,Qualification,full_time,False,Kenya,"Venue: Abidjan, Ivory Coast"
WorldCupQualifiers,2026,2023-11-21,Afghanistan,Kuwait,0,4,True,Qualification,Qualification,full_time,False,Kuwait,"Venue: Dammam, Saudi Arabia"
WorldCupQualifiers,2026,2023-11-21,Bahrain,United Arab Emirates,0,2,False,Qualification,Qualification,full_time,False,United Arab Emirates,"Venue: Riffa, Bahrain"
WorldCupQualifiers,2026,2023-11-21,Bangladesh,Lebanon,1,1,False,Qualification,Qualification,full_time,False,,"Venue: Dhaka, Bangladesh"
WorldCupQualifiers,2026,2023-11-21,Botswana,Guinea,1,0,False,Qualification,Qualification,full_time,False,Botswana,"Venue: Francistown, Botswana"
WorldCupQualifiers,2026,2023-11-21,Brazil,Argentina,0,1,False,Qualification,Qualification,full_time,False,Argentina,"Venue: Rio de Janeiro, Brazil"
WorldCupQualifiers,2026,2023-11-21,China PR,South Korea,0,3,False,Qualification,Qualification,full_time,False,South Korea,"Venue: Shenzhen, China PR"
WorldCupQualifiers,2026,2023-11-21,Comoros,Ghana,1,0,False,Qualification,Qualification,full_time,False,Comoros,"Venue: Moroni, Comoros"
WorldCupQualifiers,2026,2023-11-21,Ecuador,Chile,1,0,False,Qualification,Qualification,full_time,False,Ecuador,"Venue: Quito, Ecuador"
WorldCupQualifiers,2026,2023-11-21,Eswatini,Cabo Verde,0,2,True,Qualification,Qualification,full_time,False,Cabo Verde,"Venue: Mbombela, South Africa"
WorldCupQualifiers,2026,2023-11-21,Ethiopia,Burkina Faso,0,3,True,Qualification,Qualification,full_time,False,Burkina Faso,"Venue: El Jadida, Morocco"
WorldCupQualifiers,2026,2023-11-21,Hong Kong,Turkmenistan,2,2,False,Qualification,Qualification,full_time,False,,"Venue: Hong Kong, Hong Kong"
WorldCupQualifiers,2026,2023-11-21,India,Qatar,0,3,False,Qualification,Qualification,full_time,False,Qatar,"Venue: Bhubaneswar, India"
WorldCupQualifiers,2026,2023-11-21,Jordan,Saudi Arabia,0,2,False,Qualification,Qualification,full_time,False,Saudi Arabia,"Venue: Amman, Jordan"
WorldCupQualifiers,2026,2023-11-21,Kyrgyzstan,Oman,1,0,False,Qualification,Qualification,full_time,False,Kyrgyzstan,"Venue: Bishkek, Kyrgyzstan"
WorldCupQualifiers,2026,2023-11-21,Lesotho,Benin,0,0,True,Qualification,Qualification,full_time,False,,"Venue: Durban, South Africa"
WorldCupQualifiers,2026,2023-11-21,Libya,Cameroon,1,1,False,Qualification,Qualification,full_time,False,,"Venue: Benghazi, Libya"
WorldCupQualifiers,2026,2023-11-21,Malawi,Tunisia,0,1,False,Qualification,Qualification,full_time,False,Tunisia,"Venue: Lilongwe, Malawi"
WorldCupQualifiers,2026,2023-11-21,Mauritius,Angola,0,0,False,Qualification,Qualification,full_time,False,,"Venue: Saint Pierre, Mauritius"
WorldCupQualifiers,2026,2023-11-21,Myanmar,North Korea,1,6,False,Qualification,Qualification,full_time,False,North Korea,"Venue: Yangon, Myanmar"
WorldCupQualifiers,2026,2023-11-21,Nepal,Yemen,0,2,False,Qualification,Qualification,full_time,False,Yemen,"Venue: Kathmandu, Nepal"
WorldCupQualifiers,2026,2023-11-21,Niger,Zambia,2,1,True,Qualification,Qualification,full_time,False,Niger,"Venue: Marrakech, Morocco"
WorldCupQualifiers,2026,2023-11-21,Pakistan,Tajikistan,1,6,False,Qualification,Qualification,full_time,False,Tajikistan,"Venue: Islamabad, Pakistan"
WorldCupQualifiers,2026,2023-11-21,Palestine,Australia,0,1,True,Qualification,Qualification,full_time,False,Australia,"Venue: Kuwait City, Kuwait"
WorldCupQualifiers,2026,2023-11-21,Paraguay,Colombia,0,1,False,Qualification,Qualification,full_time,False,Colombia,"Venue: Asunción, Paraguay"
WorldCupQualifiers,2026,2023-11-21,Peru,Venezuela,1,1,False,Qualification,Qualification,full_time,False,,"Venue: Lima, Peru"
WorldCupQualifiers,2026,2023-11-21,Philippines,Indonesia,1,1,False,Qualification,Qualification,full_time,False,,"Venue: Manila, Philippines"
WorldCupQualifiers,2026,2023-11-21,Rwanda,South Africa,2,0,False,Qualification,Qualification,full_time,False,Rwanda,"Venue: Butare, Rwanda"
WorldCupQualifiers,2026,2023-11-21,Singapore,Thailand,1,3,False,Qualification,Qualification,full_time,False,Thailand,"Venue: Kallang, Singapore"
WorldCupQualifiers,2026,2023-11-21,Somalia,Uganda,0,1,True,Qualification,Qualification,full_time,False,Uganda,"Venue: Berkane, Morocco"
WorldCupQualifiers,2026,2023-11-21,South Sudan,Mauritania,0,0,True,Qualification,Qualification,full_time,False,,"Venue: Diamniadio, Senegal"
WorldCupQualifiers,2026,2023-11-21,Syria,Japan,0,5,True,Qualification,Qualification,full_time,False,Japan,"Venue: Jeddah, Saudi Arabia"
WorldCupQualifiers,2026,2023-11-21,São Tomé and Príncipe,Namibia,0,2,True,Qualification,Qualification,full_time,False,Namibia,"Venue: Agadir, Morocco"
WorldCupQualifiers,2026,2023-11-21,Taiwan,Malaysia,0,1,False,Qualification,Qualification,full_time,False,Malaysia,"Venue: Taipei, Taiwan"
WorldCupQualifiers,2026,2023-11-21,Tanzania,Morocco,0,2,False,Qualification,Qualification,full_time,False,Morocco,"Venue: Dar es Salaam, Tanzania"
WorldCupQualifiers,2026,2023-11-21,Togo,Senegal,0,0,False,Qualification,Qualification,full_time,False,,"Venue: Lomé, Togo"
WorldCupQualifiers,2026,2023-11-21,Uruguay,Bolivia,3,0,False,Qualification,Qualification,full_time,False,Uruguay,"Venue: Montevideo, Uruguay"
WorldCupQualifiers,2026,2023-11-21,Uzbekistan,Iran,2,2,False,Qualification,Qualification,full_time,False,,"Venue: Tashkent, Uzbekistan"
WorldCupQualifiers,2026,2023-11-21,Vietnam,Iraq,0,1,False,Qualification,Qualification,full_time,False,Iraq,"Venue: Hanoi, Vietnam"
WorldCupQualifiers,2026,2024-03-21,Afghanistan,India,0,0,True,Qualification,Qualification,full_time,False,,"Venue: Abha, Saudi Arabia"
WorldCupQualifiers,2026,2024-03-21,Australia,Lebanon,2,0,False,Qualification,Qualification,full_time,False,Australia,"Venue: Sydney, Australia"
WorldCupQualifiers,2026,2024-03-21,Bahrain,Nepal,5,0,False,Qualification,Qualification,full_time,False,Bahrain,"Venue: Riffa, Bahrain"
WorldCupQualifiers,2026,2024-03-21,Hong Kong,Uzbekistan,0,2,False,Qualification,Qualification,full_time,False,Uzbekistan,"Venue: Hong Kong, Hong Kong"
WorldCupQualifiers,2026,2024-03-21,Indonesia,Vietnam,1,0,False,Qualification,Qualification,full_time,False,Indonesia,"Venue: Jakarta, Indonesia"
WorldCupQualifiers,2026,2024-03-21,Iran,Turkmenistan,5,0,False,Qualification,Qualification,full_time,False,Iran,"Venue: Tehran, Iran"
WorldCupQualifiers,2026,2024-03-21,Iraq,Philippines,1,0,False,Qualification,Qualification,full_time,False,Iraq,"Venue: Basra, Iraq"
WorldCupQualifiers,2026,2024-03-21,Japan,North Korea,1,0,False,Qualification,Qualification,full_time,False,Japan,"Venue: Tokyo, Japan"
WorldCupQualifiers,2026,2024-03-21,Myanmar,Syria,1,1,False,Qualification,Qualification,full_time,False,,"Venue: Yangon, Myanmar"
WorldCupQualifiers,2026,2024-03-21,Oman,Malaysia,2,0,False,Qualification,Qualification,full_time,False,Oman,"Venue: Muscat, Oman"
WorldCupQualifiers,2026,2024-03-21,Pakistan,Jordan,0,3,False,Qualification,Qualification,full_time,False,Jordan,"Venue: Islamabad, Pakistan"
WorldCupQualifiers,2026,2024-03-21,Palestine,Bangladesh,5,0,True,Qualification,Qualification,full_time,False,Palestine,"Venue: Kuwait City, Kuwait"
WorldCupQualifiers,2026,2024-03-21,Qatar,Kuwait,3,0,False,Qualification,Qualification,full_time,False,Qatar,"Venue: Doha, Qatar"
WorldCupQualifiers,2026,2024-03-21,Saudi Arabia,Tajikistan,1,0,False,Qualification,Qualification,full_time,False,Saudi Arabia,"Venue: Riyadh, Saudi Arabia"
WorldCupQualifiers,2026,2024-03-21,Singapore,China PR,2,2,False,Qualification,Qualification,full_time,False,,"Venue: Kallang, Singapore"
WorldCupQualifiers,2026,2024-03-21,South Korea,Thailand,1,1,False,Qualification,Qualification,full_time,False,,"Venue: Seoul, South Korea"
WorldCupQualifiers,2026,2024-03-21,Taiwan,Kyrgyzstan,0,2,False,Qualification,Qualification,full_time,False,Kyrgyzstan,"Venue: Taipei, Taiwan"
WorldCupQualifiers,2026,2024-03-21,United Arab Emirates,Yemen,2,1,False,Qualification,Qualification,full_time,False,United Arab Emirates,"Venue: Abu Dhabi, United Arab Emirates"
WorldCupQualifiers,2026,2024-03-22,Anguilla,Turks and Caicos Islands,0,0,False,Qualification,Qualification,full_time,False,,"Venue: The Valley, Anguilla"
WorldCupQualifiers,2026,2024-03-22,United States Virgin Islands,British Virgin Islands,1,1,False,Qualification,Qualification,full_time,False,,"Venue: Saint Croix, United States Virgin Islands"
WorldCupQualifiers,2026,2024-03-26,Australia,Lebanon,5,0,False,Qualification,Qualification,full_time,False,Australia,"Venue: Canberra, Australia"
WorldCupQualifiers,2026,2024-03-26,Bahrain,Nepal,3,0,False,Qualification,Qualification,full_time,False,Bahrain,"Venue: Riffa, Bahrain"
WorldCupQualifiers,2026,2024-03-26,Bangladesh,Palestine,0,1,False,Qualification,Qualification,full_time,False,Palestine,"Venue: Dhaka, Bangladesh"
WorldCupQualifiers,2026,2024-03-26,British Virgin Islands,United States Virgin Islands,0,0,False,Qualification,Qualification,after_extra_time,True,British Virgin Islands,"Venue: Road Town, British Virgin Islands; British Virgin Islands wins on penalties"
WorldCupQualifiers,2026,2024-03-26,China PR,Singapore,4,1,False,Qualification,Qualification,full_time,False,China PR,"Venue: Tianjin, China PR"
WorldCupQualifiers,2026,2024-03-26,India,Afghanistan,1,2,False,Qualification,Qualification,full_time,False,Afghanistan,"Venue: Guwahati, India"
WorldCupQualifiers,2026,2024-03-26,Jordan,Pakistan,7,0,False,Qualification,Qualification,full_time,False,Jordan,"Venue: Amman, Jordan"
WorldCupQualifiers,2026,2024-03-26,Kuwait,Qatar,1,2,False,Qualification,Qualification,full_time,False,Qatar,"Venue: Al Farwaniyah, Kuwait"
WorldCupQualifiers,2026,2024-03-26,Kyrgyzstan,Taiwan,5,1,False,Qualification,Qualification,full_time,False,Kyrgyzstan,"Venue: Bishkek, Kyrgyzstan"
WorldCupQualifiers,2026,2024-03-26,Malaysia,Oman,0,2,False,Qualification,Qualification,full_time,False,Oman,"Venue: Kuala Lumpur, Malaysia"
WorldCupQualifiers,2026,2024-03-26,Philippines,Iraq,0,5,False,Qualification,Qualification,full_time,False,Iraq,"Venue: Manila, Philippines"
WorldCupQualifiers,2026,2024-03-26,Syria,Myanmar,7,0,True,Qualification,Qualification,full_time,False,Syria,"Venue: Dammam, Saudi Arabia"
WorldCupQualifiers,2026,2024-03-26,Tajikistan,Saudi Arabia,1,1,False,Qualification,Qualification,full_time,False,,"Venue: Dushanbe, Tajikistan"
WorldCupQualifiers,2026,2024-03-26,Thailand,South Korea,0,3,False,Qualification,Qualification,full_time,False,South Korea,"Venue: Bangkok, Thailand"
WorldCupQualifiers,2026,2024-03-26,Turkmenistan,Iran,0,1,False,Qualification,Qualification,full_time,False,Iran,"Venue: Ashgabat, Turkmenistan"
WorldCupQualifiers,2026,2024-03-26,Turks and Caicos Islands,Anguilla,1,1,False,Qualification,Qualification,after_extra_time,True,Anguilla,"Venue: Providenciales, Turks and Caicos Islands; Anguilla wins on penalties"
WorldCupQualifiers,2026,2024-03-26,Uzbekistan,Hong Kong,3,0,False,Qualification,Qualification,full_time,False,Uzbekistan,"Venue: Tashkent, Uzbekistan"
WorldCupQualifiers,2026,2024-03-26,Vietnam,Indonesia,0,3,False,Qualification,Qualification,full_time,False,Indonesia,"Venue: Hanoi, Vietnam"
WorldCupQualifiers,2026,2024-03-26,Yemen,United Arab Emirates,0,3,True,Qualification,Qualification,full_time,False,United Arab Emirates,"Venue: Khobar, Saudi Arabia"
WorldCupQualifiers,2026,2024-06-05,Antigua and Barbuda,Bermuda,1,1,False,Qualification,Qualification,full_time,False,,"Venue: Piggotts, Antigua and Barbuda"
WorldCupQualifiers,2026,2024-06-05,Central African Republic,Chad,1,0,True,Qualification,Qualification,full_time,False,Central African Republic,"Venue: Oujda, Morocco"
WorldCupQualifiers,2026,2024-06-05,Curaçao,Barbados,4,1,False,Qualification,Qualification,full_time,False,Curaçao,"Venue: Willemstad, Curaçao"
WorldCupQualifiers,2026,2024-06-05,Guatemala,Dominica,6,0,False,Qualification,Qualification,full_time,False,Guatemala,"Venue: Guatemala City, Guatemala"
WorldCupQualifiers,2026,2024-06-05,Namibia,Liberia,1,1,True,Qualification,Qualification,full_time,False,,"Venue: Johannesburg, South Africa"
WorldCupQualifiers,2026,2024-06-05,Nicaragua,Montserrat,4,1,False,Qualification,Qualification,full_time,False,Nicaragua,"Venue: Managua, Nicaragua"
WorldCupQualifiers,2026,2024-06-05,Sierra Leone,Djibouti,2,1,True,Qualification,Qualification,full_time,False,Sierra Leone,"Venue: El Jadida, Morocco"
WorldCupQualifiers,2026,2024-06-05,Suriname,Saint Vincent and the Grenadines,4,1,False,Qualification,Qualification,full_time,False,Suriname,"Venue: Paramaribo, Suriname"
WorldCupQualifiers,2026,2024-06-05,Togo,South Sudan,1,1,False,Qualification,Qualification,full_time,False,,"Venue: Lomé, Togo"
WorldCupQualifiers,2026,2024-06-05,Trinidad and Tobago,Grenada,2,2,False,Qualification,Qualification,full_time,False,,"Venue: Port of Spain, Trinidad and Tobago"
WorldCupQualifiers,2026,2024-06-05,Tunisia,Equatorial Guinea,1,0,False,Qualification,Qualification,full_time,False,Tunisia,"Venue: Radès, Tunisia"
WorldCupQualifiers,2026,2024-06-06,Afghanistan,Qatar,0,0,True,Qualification,Qualification,full_time,False,,"Venue: Al Hofuf, Saudi Arabia"
WorldCupQualifiers,2026,2024-06-06,Algeria,Guinea,1,2,False,Qualification,Qualification,full_time,False,Guinea,"Venue: Algiers, Algeria"
WorldCupQualifiers,2026,2024-06-06,Bahrain,Yemen,0,0,False,Qualification,Qualification,full_time,False,,"Venue: Riffa, Bahrain"
WorldCupQualifiers,2026,2024-06-06,Bangladesh,Australia,0,2,False,Qualification,Qualification,full_time,False,Australia,"Venue: Dhaka, Bangladesh"
WorldCupQualifiers,2026,2024-06-06,Benin,Rwanda,1,0,True,Qualification,Qualification,full_time,False,Benin,"Venue: Abidjan, Ivory Coast"
WorldCupQualifiers,2026,2024-06-06,China PR,Thailand,1,1,False,Qualification,Qualification,full_time,False,,"Venue: Shenyang, China PR"
WorldCupQualifiers,2026,2024-06-06,Costa Rica,Saint Kitts and Nevis,4,0,False,Qualification,Qualification,full_time,False,Costa Rica,"Venue: San José, Costa Rica"
WorldCupQualifiers,2026,2024-06-06,Egypt,Burkina Faso,2,1,False,Qualification,Qualification,full_time,False,Egypt,"Venue: Cairo, Egypt"
WorldCupQualifiers,2026,2024-06-06,El Salvador,Puerto Rico,0,0,False,Qualification,Qualification,full_time,False,,"Venue: San Salvador, El Salvador"
WorldCupQualifiers,2026,2024-06-06,Guinea-Bissau,Ethiopia,0,0,False,Qualification,Qualification,full_time,False,,"Venue: Bissau, Guinea-Bissau"
WorldCupQualifiers,2026,2024-06-06,Haiti,Saint Lucia,2,1,True,Qualification,Qualification,full_time,False,Haiti,"Venue: Bridgetown, Barbados"
WorldCupQualifiers,2026,2024-06-06,Honduras,Cuba,3,1,False,Qualification,Qualification,full_time,False,Honduras,"Venue: Tegucigalpa, Honduras"
WorldCupQualifiers,2026,2024-06-06,Hong Kong,Iran,2,4,False,Qualification,Qualification,full_time,False,Iran,"Venue: Hong Kong, Hong Kong"
WorldCupQualifiers,2026,2024-06-06,India,Kuwait,0,0,False,Qualification,Qualification,full_time,False,,"Venue: Kolkota, India"
WorldCupQualifiers,2026,2024-06-06,Indonesia,Iraq,0,2,False,Qualification,Qualification,full_time,False,Iraq,"Venue: Jakarta, Indonesia"
WorldCupQualifiers,2026,2024-06-06,Jamaica,Dominican Republic,1,0,False,Qualification,Qualification,full_time,False,Jamaica,"Venue: Kingston, Jamaica"
WorldCupQualifiers,2026,2024-06-06,Jordan,Tajikistan,3,0,False,Qualification,Qualification,full_time,False,Jordan,"Venue: Amman, Jordan"
WorldCupQualifiers,2026,2024-06-06,Kyrgyzstan,Malaysia,1,1,False,Qualification,Qualification,full_time,False,,"Venue: Bishkek, Kyrgyzstan"
WorldCupQualifiers,2026,2024-06-06,Libya,Mauritius,2,1,False,Qualification,Qualification,full_time,False,Libya,"Venue: Benghazi, Libya"
WorldCupQualifiers,2026,2024-06-06,Malawi,São Tomé and Príncipe,3,1,False,Qualification,Qualification,full_time,False,Malawi,"Venue: Lilongwe, Malawi"
WorldCupQualifiers,2026,2024-06-06,Mali,Ghana,1,2,False,Qualification,Qualification,full_time,False,Ghana,"Venue: Bamako, Mali"
WorldCupQualifiers,2026,2024-06-06,Mauritania,Sudan,0,2,False,Qualification,Qualification,full_time,False,Sudan,"Venue: Nouakchott, Mauritania"
WorldCupQualifiers,2026,2024-06-06,Myanmar,Japan,0,5,False,Qualification,Qualification,full_time,False,Japan,"Venue: Yangon, Myanmar"
WorldCupQualifiers,2026,2024-06-06,Nepal,United Arab Emirates,0,4,True,Qualification,Qualification,full_time,False,United Arab Emirates,"Venue: Dammam, Saudi Arabia"
WorldCupQualifiers,2026,2024-06-06,North Korea,Syria,1,0,True,Qualification,Qualification,full_time,False,North Korea,"Venue: Vientiane, Laos"
WorldCupQualifiers,2026,2024-06-06,Pakistan,Saudi Arabia,0,3,False,Qualification,Qualification,full_time,False,Saudi Arabia,"Venue: Islamabad, Pakistan"
WorldCupQualifiers,2026,2024-06-06,Palestine,Lebanon,0,0,True,Qualification,Qualification,full_time,False,,"Venue: Doha, Qatar"
WorldCupQualifiers,2026,2024-06-06,Panama,Guyana,2,0,False,Qualification,Qualification,full_time,False,Panama,"Venue: Panama City, Panama"
WorldCupQualifiers,2026,2024-06-06,Senegal,DR Congo,1,1,False,Qualification,Qualification,full_time,False,,"Venue: Diamniadio, Senegal"
WorldCupQualifiers,2026,2024-06-06,Singapore,South Korea,0,7,False,Qualification,Qualification,full_time,False,South Korea,"Venue: Kallang, Singapore"
WorldCupQualifiers,2026,2024-06-06,Taiwan,Oman,0,3,False,Qualification,Qualification,full_time,False,Oman,"Venue: Taipei, Taiwan"
WorldCupQualifiers,2026,2024-06-06,Uzbekistan,Turkmenistan,3,1,False,Qualification,Qualification,full_time,False,Uzbekistan,"Venue: Tashkent, Uzbekistan"
WorldCupQualifiers,2026,2024-06-06,Vietnam,Philippines,3,2,False,Qualification,Qualification,full_time,False,Vietnam,"Venue: Hanoi, Vietnam"
WorldCupQualifiers,2026,2024-06-07,Angola,Eswatini,1,0,False,Qualification,Qualification,full_time,False,Angola,"Venue: Luanda, Angola"
WorldCupQualifiers,2026,2024-06-07,Ivory Coast,Gabon,1,0,False,Qualification,Qualification,full_time,False,Ivory Coast,"Venue: Korhogo, Ivory Coast"
WorldCupQualifiers,2026,2024-06-07,Kenya,Burundi,1,1,True,Qualification,Qualification,full_time,False,,"Venue: Lilongwe, Malawi"
WorldCupQualifiers,2026,2024-06-07,Madagascar,Comoros,2,1,True,Qualification,Qualification,full_time,False,Madagascar,"Venue: Johannesburg, South Africa"
WorldCupQualifiers,2026,2024-06-07,Morocco,Zambia,2,1,False,Qualification,Qualification,full_time,False,Morocco,"Venue: Agadir, Morocco"
WorldCupQualifiers,2026,2024-06-07,Mozambique,Somalia,2,1,False,Qualification,Qualification,full_time,False,Mozambique,"Venue: Maputo, Mozambique"
WorldCupQualifiers,2026,2024-06-07,Nigeria,South Africa,1,1,False,Qualification,Qualification,full_time,False,,"Venue: Uyo, Nigeria"
WorldCupQualifiers,2026,2024-06-07,Uganda,Botswana,1,0,False,Qualification,Qualification,full_time,False,Uganda,"Venue: Kira, Uganda"
WorldCupQualifiers,2026,2024-06-07,Zimbabwe,Lesotho,0,2,True,Qualification,Qualification,full_time,False,Lesotho,"Venue: Johannesburg, South Africa"
WorldCupQualifiers,2026,2024-06-08,Anguilla,Suriname,0,4,False,Qualification,Qualification,full_time,False,Suriname,"Venue: The Valley, Anguilla"
WorldCupQualifiers,2026,2024-06-08,Aruba,Curaçao,0,2,False,Qualification,Qualification,full_time,False,Curaçao,"Venue: Oranjestad, Aruba"
WorldCupQualifiers,2026,2024-06-08,Bahamas,Trinidad and Tobago,1,7,True,Qualification,Qualification,full_time,False,Trinidad and Tobago,"Venue: Basseterre, Saint Kitts and Nevis"
WorldCupQualifiers,2026,2024-06-08,Belize,Nicaragua,0,4,False,Qualification,Qualification,full_time,False,Nicaragua,"Venue: Belmopan, Belize"
WorldCupQualifiers,2026,2024-06-08,British Virgin Islands,Guatemala,0,3,False,Qualification,Qualification,full_time,False,Guatemala,"Venue: Road Town, British Virgin Islands"
WorldCupQualifiers,2026,2024-06-08,Cameroon,Cabo Verde,4,1,False,Qualification,Qualification,full_time,False,Cameroon,"Venue: Yaoundé, Cameroon"
WorldCupQualifiers,2026,2024-06-08,Cayman Islands,Antigua and Barbuda,1,0,False,Qualification,Qualification,full_time,False,Cayman Islands,"Venue: George Town, Cayman Islands"
WorldCupQualifiers,2026,2024-06-08,Gambia,Seychelles,5,1,True,Qualification,Qualification,full_time,False,Gambia,"Venue: Berkane, Morocco"
WorldCupQualifiers,2026,2024-06-09,Barbados,Haiti,1,3,False,Qualification,Qualification,full_time,False,Haiti,"Venue: Bridgetown, Barbados"
WorldCupQualifiers,2026,2024-06-09,Bermuda,Honduras,1,6,False,Qualification,Qualification,full_time,False,Honduras,"Venue: Hamilton, Bermuda"
WorldCupQualifiers,2026,2024-06-09,DR Congo,Togo,1,0,False,Qualification,Qualification,full_time,False,DR Congo,"Venue: Kinshasa, DR Congo"
WorldCupQualifiers,2026,2024-06-09,Djibouti,Ethiopia,1,1,True,Qualification,Qualification,full_time,False,,"Venue: El Jadida, Morocco"
WorldCupQualifiers,2026,2024-06-09,Dominica,Jamaica,2,3,False,Qualification,Qualification,full_time,False,Jamaica,"Venue: Roseau, Dominica"
WorldCupQualifiers,2026,2024-06-09,Grenada,Costa Rica,0,3,False,Qualification,Qualification,full_time,False,Costa Rica,"Venue: St. George's, Grenada"
WorldCupQualifiers,2026,2024-06-09,Mauritania,Senegal,0,1,False,Qualification,Qualification,full_time,False,Senegal,"Venue: Nouakchott, Mauritania"
WorldCupQualifiers,2026,2024-06-09,Montserrat,Panama,1,3,True,Qualification,Qualification,full_time,False,Panama,"Venue: Managua, Nicaragua"
WorldCupQualifiers,2026,2024-06-09,Namibia,Tunisia,0,0,True,Qualification,Qualification,full_time,False,,"Venue: Johannesburg, South Africa"
WorldCupQualifiers,2026,2024-06-09,Saint Vincent and the Grenadines,El Salvador,1,3,True,Qualification,Qualification,full_time,False,El Salvador,"Venue: Paramaribo, Suriname"
WorldCupQualifiers,2026,2024-06-09,São Tomé and Príncipe,Liberia,0,1,True,Qualification,Qualification,full_time,False,Liberia,"Venue: Oujda, Morocco"
WorldCupQualifiers,2026,2024-06-10,Benin,Nigeria,2,1,True,Qualification,Qualification,full_time,False,Benin,"Venue: Abidjan, Ivory Coast"
WorldCupQualifiers,2026,2024-06-10,Burkina Faso,Sierra Leone,2,2,True,Qualification,Qualification,full_time,False,,"Venue: Bamako, Mali"
WorldCupQualifiers,2026,2024-06-10,Equatorial Guinea,Malawi,1,0,False,Qualification,Qualification,full_time,False,Equatorial Guinea,"Venue: Malabo, Equatorial Guinea"
WorldCupQualifiers,2026,2024-06-10,Ghana,Central African Republic,4,3,False,Qualification,Qualification,full_time,False,Ghana,"Venue: Kumasi, Ghana"
WorldCupQualifiers,2026,2024-06-10,Guinea,Mozambique,0,1,True,Qualification,Qualification,full_time,False,Mozambique,"Venue: El Jadida, Morocco"
WorldCupQualifiers,2026,2024-06-10,Guinea-Bissau,Egypt,1,1,False,Qualification,Qualification,full_time,False,,"Venue: Bissau, Guinea-Bissau"
WorldCupQualifiers,2026,2024-06-10,Somalia,Botswana,1,3,True,Qualification,Qualification,full_time,False,Botswana,"Venue: Maputo, Mozambique"
WorldCupQualifiers,2026,2024-06-10,Uganda,Algeria,1,2,False,Qualification,Qualification,full_time,False,Algeria,"Venue: Kira, Uganda"
WorldCupQualifiers,2026,2024-06-11,Angola,Cameroon,1,1,False,Qualification,Qualification,full_time,False,,"Venue: Luanda, Angola"
WorldCupQualifiers,2026,2024-06-11,Australia,Palestine,5,0,False,Qualification,Qualification,full_time,False,Australia,"Venue: Perth, Australia"
WorldCupQualifiers,2026,2024-06-11,Cabo Verde,Libya,1,0,False,Qualification,Qualification,full_time,False,Cabo Verde,"Venue: Praia, Cape Verde"
WorldCupQualifiers,2026,2024-06-11,Chad,Comoros,0,2,True,Qualification,Qualification,full_time,False,Comoros,"Venue: Oujda, Morocco"
WorldCupQualifiers,2026,2024-06-11,Cuba,Cayman Islands,3,0,False,Qualification,Qualification,full_time,False,Cuba,"Venue: Santiago, Cuba"
WorldCupQualifiers,2026,2024-06-11,Dominican Republic,British Virgin Islands,4,0,False,Qualification,Qualification,full_time,False,Dominican Republic,"Venue: San Cristóbal, Dominican Republic"
WorldCupQualifiers,2026,2024-06-11,Gabon,Gambia,3,2,False,Qualification,Qualification,full_time,False,Gabon,"Venue: Franceville, Gabon"
WorldCupQualifiers,2026,2024-06-11,Guyana,Belize,3,1,True,Qualification,Qualification,full_time,False,Guyana,"Venue: Bridgetown, Barbados"
WorldCupQualifiers,2026,2024-06-11,Indonesia,Philippines,2,0,False,Qualification,Qualification,full_time,False,Indonesia,"Venue: Jakarta, Indonesia"
WorldCupQualifiers,2026,2024-06-11,Iran,Uzbekistan,0,0,False,Qualification,Qualification,full_time,False,,"Venue: Tehran, Iran"
WorldCupQualifiers,2026,2024-06-11,Iraq,Vietnam,3,1,False,Qualification,Qualification,full_time,False,Iraq,"Venue: Basra, Iraq"
WorldCupQualifiers,2026,2024-06-11,Japan,Syria,5,0,False,Qualification,Qualification,full_time,False,Japan,"Venue: Hiroshima, Japan"
WorldCupQualifiers,2026,2024-06-11,Kenya,Ivory Coast,0,0,True,Qualification,Qualification,full_time,False,,"Venue: Lilongwe, Malawi"
WorldCupQualifiers,2026,2024-06-11,Kuwait,Afghanistan,1,0,False,Qualification,Qualification,full_time,False,Kuwait,"Venue: Kuwait City, Kuwait"
WorldCupQualifiers,2026,2024-06-11,Lebanon,Bangladesh,4,0,True,Qualification,Qualification,full_time,False,Lebanon,"Venue: Al Rayyan, Qatar"
WorldCupQualifiers,2026,2024-06-11,Lesotho,Rwanda,0,1,True,Qualification,Qualification,full_time,False,Rwanda,"Venue: Durban, South Africa"
WorldCupQualifiers,2026,2024-06-11,Madagascar,Mali,0,0,True,Qualification,Qualification,full_time,False,,"Venue: Johannesburg, South Africa"
WorldCupQualifiers,2026,2024-06-11,Malaysia,Taiwan,3,1,False,Qualification,Qualification,full_time,False,Malaysia,"Venue: Kuala Lumpur, Malaysia"
WorldCupQualifiers,2026,2024-06-11,Mauritius,Eswatini,2,1,False,Qualification,Qualification,full_time,False,Mauritius,"Venue: Saint Pierre, Mauritius"
WorldCupQualifiers,2026,2024-06-11,Morocco,Congo,6,0,False,Qualification,Qualification,full_time,False,Morocco,"Venue: Agadir, Morocco"
WorldCupQualifiers,2026,2024-06-11,North Korea,Myanmar,4,1,True,Qualification,Qualification,full_time,False,North Korea,"Venue: Vientiane, Laos"
WorldCupQualifiers,2026,2024-06-11,Oman,Kyrgyzstan,1,1,False,Qualification,Qualification,full_time,False,,"Venue: Muscat, Oman"
WorldCupQualifiers,2026,2024-06-11,Puerto Rico,Anguilla,8,0,False,Qualification,Qualification,full_time,False,Puerto Rico,"Venue: Bayamón, Puerto Rico"
WorldCupQualifiers,2026,2024-06-11,Qatar,India,2,1,False,Qualification,Qualification,full_time,False,Qatar,"Venue: Al Rayyan, Qatar"
WorldCupQualifiers,2026,2024-06-11,Saint Kitts and Nevis,Bahamas,1,0,False,Qualification,Qualification,full_time,False,Saint Kitts and Nevis,"Venue: Basseterre, Saint Kitts and Nevis"
WorldCupQualifiers,2026,2024-06-11,Saint Lucia,Aruba,2,2,True,Qualification,Qualification,full_time,False,,"Venue: Bridgetown, Barbados"
WorldCupQualifiers,2026,2024-06-11,Saudi Arabia,Jordan,1,2,False,Qualification,Qualification,full_time,False,Jordan,"Venue: Riyadh, Saudi Arabia"
WorldCupQualifiers,2026,2024-06-11,Seychelles,Burundi,1,3,True,Qualification,Qualification,full_time,False,Burundi,"Venue: Berkane, Morocco"
WorldCupQualifiers,2026,2024-06-11,South Africa,Zimbabwe,3,1,False,Qualification,Qualification,full_time,False,South Africa,"Venue: Bloemfontein, South Africa"
WorldCupQualifiers,2026,2024-06-11,South Korea,China PR,1,0,False,Qualification,Qualification,full_time,False,South Korea,"Venue: Seoul, South Korea"
WorldCupQualifiers,2026,2024-06-11,South Sudan,Sudan,0,3,False,Qualification,Qualification,full_time,False,Sudan,"Venue: Juba, South Sudan"
WorldCupQualifiers,2026,2024-06-11,Tajikistan,Pakistan,3,0,False,Qualification,Qualification,full_time,False,Tajikistan,"Venue: Dushanbe, Tajikistan"
WorldCupQualifiers,2026,2024-06-11,Thailand,Singapore,3,1,False,Qualification,Qualification,full_time,False,Thailand,"Venue: Bangkok, Thailand"
WorldCupQualifiers,2026,2024-06-11,Turkmenistan,Hong Kong,0,0,False,Qualification,Qualification,full_time,False,,"Venue: Ashgabat, Turkmenistan"
WorldCupQualifiers,2026,2024-06-11,United Arab Emirates,Bahrain,1,1,False,Qualification,Qualification,full_time,False,,"Venue: Dubai, United Arab Emirates"
WorldCupQualifiers,2026,2024-06-11,Yemen,Nepal,2,2,True,Qualification,Qualification,full_time,False,,"Venue: Dammam, Saudi Arabia"
WorldCupQualifiers,2026,2024-06-11,Zambia,Tanzania,0,1,False,Qualification,Qualification,full_time,False,Tanzania,"Venue: Ndola, Zambia"
WorldCupQualifiers,2026,2024-09-05,Argentina,Chile,3,0,False,Qualification,Qualification,full_time,False,Argentina,"Venue: Buenos Aires, Argentina"
WorldCupQualifiers,2026,2024-09-05,Australia,Bahrain,0,1,False,Qualification,Qualification,full_time,False,Bahrain,"Venue: Robina, Australia"
WorldCupQualifiers,2026,2024-09-05,Bolivia,Venezuela,4,0,False,Qualification,Qualification,full_time,False,Bolivia,"Venue: El Alto, Bolivia"
WorldCupQualifiers,2026,2024-09-05,Iran,Kyrgyzstan,1,0,False,Qualification,Qualification,full_time,False,Iran,"Venue: Fuladshahr, Iran"
WorldCupQualifiers,2026,2024-09-05,Iraq,Oman,1,0,False,Qualification,Qualification,full_time,False,Iraq,"Venue: Basra, Iraq"
WorldCupQualifiers,2026,2024-09-05,Japan,China PR,7,0,False,Qualification,Qualification,full_time,False,Japan,"Venue: Saitama, Japan"
WorldCupQualifiers,2026,2024-09-05,Jordan,Kuwait,1,1,False,Qualification,Qualification,full_time,False,,"Venue: Amman, Jordan"
WorldCupQualifiers,2026,2024-09-05,Qatar,United Arab Emirates,1,3,False,Qualification,Qualification,full_time,False,United Arab Emirates,"Venue: Al Rayyan, Qatar"
WorldCupQualifiers,2026,2024-09-05,Saudi Arabia,Indonesia,1,1,False,Qualification,Qualification,full_time,False,,"Venue: Jeddah, Saudi Arabia"
WorldCupQualifiers,2026,2024-09-05,South Korea,Palestine,0,0,False,Qualification,Qualification,full_time,False,,"Venue: Seoul, South Korea"
WorldCupQualifiers,2026,2024-09-05,Uzbekistan,North Korea,1,0,False,Qualification,Qualification,full_time,False,Uzbekistan,"Venue: Tashkent, Uzbekistan"
WorldCupQualifiers,2026,2024-09-06,Brazil,Ecuador,1,0,False,Qualification,Qualification,full_time,False,Brazil,"Venue: Curitiba, Brazil"
WorldCupQualifiers,2026,2024-09-06,Cook Islands,Tonga,1,3,True,Qualification,Qualification,full_time,False,Tonga,"Venue: Apia, Samoa"
WorldCupQualifiers,2026,2024-09-06,Peru,Colombia,1,1,False,Qualification,Qualification,full_time,False,,"Venue: Lima, Peru"
WorldCupQualifiers,2026,2024-09-06,Samoa,American Samoa,2,0,False,Qualification,Qualification,full_time,False,Samoa,"Venue: Apia, Samoa"
WorldCupQualifiers,2026,2024-09-06,Uruguay,Paraguay,0,0,False,Qualification,Qualification,full_time,False,,"Venue: Montevideo, Uruguay"
WorldCupQualifiers,2026,2024-09-09,Samoa,Tonga,2,1,False,Qualification,Qualification,after_extra_time,False,Samoa,"Venue: Apia, Samoa"
WorldCupQualifiers,2026,2024-09-10,Bahrain,Japan,0,5,False,Qualification,Qualification,full_time,False,Japan,"Venue: Riffa, Bahrain"
WorldCupQualifiers,2026,2024-09-10,Chile,Bolivia,1,2,False,Qualification,Qualification,full_time,False,Bolivia,"Venue: Santiago, Chile"
WorldCupQualifiers,2026,2024-09-10,China PR,Saudi Arabia,1,2,False,Qualification,Qualification,full_time,False,Saudi Arabia,"Venue: Dalian, China PR"
WorldCupQualifiers,2026,2024-09-10,Colombia,Argentina,2,1,False,Qualification,Qualification,full_time,False,Colombia,"Venue: Barranquilla, Colombia"
WorldCupQualifiers,2026,2024-09-10,Ecuador,Peru,1,0,False,Qualification,Qualification,full_time,False,Ecuador,"Venue: Quito, Ecuador"
WorldCupQualifiers,2026,2024-09-10,Indonesia,Australia,0,0,False,Qualification,Qualification,full_time,False,,"Venue: Jakarta, Indonesia"
WorldCupQualifiers,2026,2024-09-10,Kuwait,Iraq,0,0,False,Qualification,Qualification,full_time,False,,"Venue: Kuwait City, Kuwait"
WorldCupQualifiers,2026,2024-09-10,Kyrgyzstan,Uzbekistan,2,3,False,Qualification,Qualification,full_time,False,Uzbekistan,"Venue: Bishkek, Kyrgyzstan"
WorldCupQualifiers,2026,2024-09-10,North Korea,Qatar,2,2,True,Qualification,Qualification,full_time,False,,"Venue: Vientiane, Laos"
WorldCupQualifiers,2026,2024-09-10,Oman,South Korea,1,3,False,Qualification,Qualification,full_time,False,South Korea,"Venue: Muscat, Oman"
WorldCupQualifiers,2026,2024-09-10,Palestine,Jordan,1,3,True,Qualification,Qualification,full_time,False,Jordan,"Venue: Kuala Lumpur, Malaysia"
WorldCupQualifiers,2026,2024-09-10,Paraguay,Brazil,1,0,False,Qualification,Qualification,full_time,False,Paraguay,"Venue: Asunción, Paraguay"
WorldCupQualifiers,2026,2024-09-10,United Arab Emirates,Iran,0,1,False,Qualification,Qualification,full_time,False,Iran,"Venue: Al Ain, United Arab Emirates"
WorldCupQualifiers,2026,2024-09-10,Venezuela,Uruguay,0,0,False,Qualification,Qualification,full_time,False,,"Venue: Maturín, Venezuela"
WorldCupQualifiers,2026,2024-10-10,Australia,China PR,3,1,False,Qualification,Qualification,full_time,False,Australia,"Venue: Adelaide, Australia"
WorldCupQualifiers,2026,2024-10-10,Bahrain,Indonesia,2,2,False,Qualification,Qualification,full_time,False,,"Venue: Riffa, Bahrain"
WorldCupQualifiers,2026,2024-10-10,Bolivia,Colombia,1,0,False,Qualification,Qualification,full_time,False,Bolivia,"Venue: El Alto, Bolivia"
WorldCupQualifiers,2026,2024-10-10,Chile,Brazil,1,2,False,Qualification,Qualification,full_time,False,Brazil,"Venue: Santiago, Chile"
WorldCupQualifiers,2026,2024-10-10,Ecuador,Paraguay,0,0,False,Qualification,Qualification,full_time,False,,"Venue: Quito, Ecuador"
WorldCupQualifiers,2026,2024-10-10,Fiji,Solomon Islands,1,0,False,Qualification,Qualification,full_time,False,Fiji,"Venue: Suva, Fiji"
WorldCupQualifiers,2026,2024-10-10,Iraq,Palestine,1,0,False,Qualification,Qualification,full_time,False,Iraq,"Venue: Basra, Iraq"
WorldCupQualifiers,2026,2024-10-10,Jordan,South Korea,0,2,False,Qualification,Qualification,full_time,False,South Korea,"Venue: Amman, Jordan"
WorldCupQualifiers,2026,2024-10-10,Oman,Kuwait,4,0,False,Qualification,Qualification,full_time,False,Oman,"Venue: Muscat, Oman"
WorldCupQualifiers,2026,2024-10-10,Papua New Guinea,New Caledonia,1,3,True,Qualification,Qualification,full_time,False,New Caledonia,"Venue: Suva, Fiji"
WorldCupQualifiers,2026,2024-10-10,Qatar,Kyrgyzstan,3,1,False,Qualification,Qualification,full_time,False,Qatar,"Venue: Doha, Qatar"
WorldCupQualifiers,2026,2024-10-10,Saudi Arabia,Japan,0,2,False,Qualification,Qualification,full_time,False,Japan,"Venue: Jeddah, Saudi Arabia"
WorldCupQualifiers,2026,2024-10-10,United Arab Emirates,North Korea,1,1,False,Qualification,Qualification,full_time,False,,"Venue: Al Ain, United Arab Emirates"
WorldCupQualifiers,2026,2024-10-10,Uzbekistan,Iran,0,0,False,Qualification,Qualification,full_time,False,,"Venue: Tashkent, Uzbekistan"
WorldCupQualifiers,2026,2024-10-10,Venezuela,Argentina,1,1,False,Qualification,Qualification,full_time,False,,"Venue: Maturín, Venezuela"
WorldCupQualifiers,2026,2024-10-11,New Zealand,Tahiti,3,0,True,Qualification,Qualification,full_time,False,New Zealand,"Venue: Port Vila, Vanuatu"
WorldCupQualifiers,2026,2024-10-11,Peru,Uruguay,1,0,False,Qualification,Qualification,full_time,False,Peru,"Venue: Lima, Peru"
WorldCupQualifiers,2026,2024-10-12,Vanuatu,Samoa,4,1,False,Qualification,Qualification,full_time,False,Vanuatu,"Venue: Port Vila, Vanuatu"
WorldCupQualifiers,2026,2024-10-15,Argentina,Bolivia,6,0,False,Qualification,Qualification,full_time,False,Argentina,"Venue: Buenos Aires, Argentina"
WorldCupQualifiers,2026,2024-10-15,Brazil,Peru,4,0,False,Qualification,Qualification,full_time,False,Brazil,"Venue: Brasília, Brazil"
WorldCupQualifiers,2026,2024-10-15,China PR,Indonesia,2,1,False,Qualification,Qualification,full_time,False,China PR,"Venue: Qingdao, China PR"
WorldCupQualifiers,2026,2024-10-15,Colombia,Chile,4,0,False,Qualification,Qualification,full_time,False,Colombia,"Venue: Barranquilla, Colombia"
WorldCupQualifiers,2026,2024-10-15,Iran,Qatar,4,1,True,Qualification,Qualification,full_time,False,Iran,"Venue: Dubai, United Arab Emirates"
WorldCupQualifiers,2026,2024-10-15,Japan,Australia,1,1,False,Qualification,Qualification,full_time,False,,"Venue: Saitama, Japan"
WorldCupQualifiers,2026,2024-10-15,Jordan,Oman,4,0,False,Qualification,Qualification,full_time,False,Jordan,"Venue: Amman, Jordan"
WorldCupQualifiers,2026,2024-10-15,Kyrgyzstan,North Korea,1,0,False,Qualification,Qualification,full_time,False,Kyrgyzstan,"Venue: Bishkek, Kyrgyzstan"
WorldCupQualifiers,2026,2024-10-15,Palestine,Kuwait,2,2,True,Qualification,Qualification,full_time,False,,"Venue: Al Rayyan, Qatar"
WorldCupQualifiers,2026,2024-10-15,Paraguay,Venezuela,2,1,False,Qualification,Qualification,full_time,False,Paraguay,"Venue: Asunción, Paraguay"
WorldCupQualifiers,2026,2024-10-15,Saudi Arabia,Bahrain,0,0,False,Qualification,Qualification,full_time,False,,"Venue: Jeddah, Saudi Arabia"
WorldCupQualifiers,2026,2024-10-15,South Korea,Iraq,3,2,False,Qualification,Qualification,full_time,False,South Korea,"Venue: Yongin, South Korea"
WorldCupQualifiers,2026,2024-10-15,Uruguay,Ecuador,0,0,False,Qualification,Qualification,full_time,False,,"Venue: Montevideo, Uruguay"
WorldCupQualifiers,2026,2024-10-15,Uzbekistan,United Arab Emirates,1,0,False,Qualification,Qualification,full_time,False,Uzbekistan,"Venue: Tashkent, Uzbekistan"
WorldCupQualifiers,2026,2024-11-14,Australia,Saudi Arabia,0,0,False,Qualification,Qualification,full_time,False,,"Venue: Melbourne, Australia"
WorldCupQualifiers,2026,2024-11-14,Bahrain,China PR,0,1,False,Qualification,Qualification,full_time,False,China PR,"Venue: Riffa, Bahrain"
WorldCupQualifiers,2026,2024-11-14,Ecuador,Bolivia,4,0,False,Qualification,Qualification,full_time,False,Ecuador,"Venue: Guayaquil, Ecuador"
WorldCupQualifiers,2026,2024-11-14,Iraq,Jordan,0,0,False,Qualification,Qualification,full_time,False,,"Venue: Basra, Iraq"
WorldCupQualifiers,2026,2024-11-14,Kuwait,South Korea,1,3,False,Qualification,Qualification,full_time,False,South Korea,"Venue: Kuwait City, Kuwait"
WorldCupQualifiers,2026,2024-11-14,North Korea,Iran,2,3,True,Qualification,Qualification,full_time,False,Iran,"Venue: Vientiane, Laos"
WorldCupQualifiers,2026,2024-11-14,Oman,Palestine,1,0,False,Qualification,Qualification,full_time,False,Oman,"Venue: Muscat, Oman"
WorldCupQualifiers,2026,2024-11-14,Papua New Guinea,Fiji,3,3,False,Qualification,Qualification,full_time,False,,"Venue: Port Moresby, Papua New Guinea"
WorldCupQualifiers,2026,2024-11-14,Paraguay,Argentina,2,1,False,Qualification,Qualification,full_time,False,Paraguay,"Venue: Asunción, Paraguay"
WorldCupQualifiers,2026,2024-11-14,Qatar,Uzbekistan,3,2,False,Qualification,Qualification,full_time,False,Qatar,"Venue: Al Rayyan, Qatar"
WorldCupQualifiers,2026,2024-11-14,Solomon Islands,New Caledonia,2,3,True,Qualification,Qualification,full_time,False,New Caledonia,"Venue: Port Moresby, Papua New Guinea"
WorldCupQualifiers,2026,2024-11-14,United Arab Emirates,Kyrgyzstan,3,0,False,Qualification,Qualification,full_time,False,United Arab Emirates,"Venue: Abu Dhabi, United Arab Emirates"
WorldCupQualifiers,2026,2024-11-14,Venezuela,Brazil,1,1,False,Qualification,Qualification,full_time,False,,"Venue: Maturín, Venezuela"
WorldCupQualifiers,2026,2024-11-15,Indonesia,Japan,0,4,False,Qualification,Qualification,full_time,False,Japan,"Venue: Jakarta, Indonesia"
WorldCupQualifiers,2026,2024-11-15,New Zealand,Vanuatu,8,1,False,Qualification,Qualification,full_time,False,New Zealand,"Venue: Hamilton, New Zealand"
WorldCupQualifiers,2026,2024-11-15,Peru,Chile,0,0,False,Qualification,Qualification,full_time,False,,"Venue: Lima, Peru"
WorldCupQualifiers,2026,2024-11-15,Samoa,Tahiti,0,3,True,Qualification,Qualification,full_time,False,Tahiti,"Venue: Hamilton, New Zealand"
WorldCupQualifiers,2026,2024-11-15,Uruguay,Colombia,3,2,False,Qualification,Qualification,full_time,False,Uruguay,"Venue: Montevideo, Uruguay"
WorldCupQualifiers,2026,2024-11-17,Fiji,New Caledonia,1,1,True,Qualification,Qualification,full_time,False,,"Venue: Port Moresby, Papua New Guinea"
WorldCupQualifiers,2026,2024-11-17,Papua New Guinea,Solomon Islands,1,2,False,Qualification,Qualification,full_time,False,Solomon Islands,"Venue: Port Moresby, Papua New Guinea"
WorldCupQualifiers,2026,2024-11-18,New Zealand,Samoa,8,0,False,Qualification,Qualification,full_time,False,New Zealand,"Venue: Auckland, New Zealand"
WorldCupQualifiers,2026,2024-11-18,Tahiti,Vanuatu,2,0,True,Qualification,Qualification,full_time,False,Tahiti,"Venue: Auckland, New Zealand"
WorldCupQualifiers,2026,2024-11-19,Argentina,Peru,1,0,False,Qualification,Qualification,full_time,False,Argentina,"Venue: Buenos Aires, Argentina"
WorldCupQualifiers,2026,2024-11-19,Bahrain,Australia,2,2,False,Qualification,Qualification,full_time,False,,"Venue: Riffa, Bahrain"
WorldCupQualifiers,2026,2024-11-19,Bolivia,Paraguay,2,2,False,Qualification,Qualification,full_time,False,,"Venue: El Alto, Bolivia"
WorldCupQualifiers,2026,2024-11-19,Brazil,Uruguay,1,1,False,Qualification,Qualification,full_time,False,,"Venue: Salvador, Brazil"
WorldCupQualifiers,2026,2024-11-19,Chile,Venezuela,4,2,False,Qualification,Qualification,full_time,False,Chile,"Venue: Santiago, Chile"
WorldCupQualifiers,2026,2024-11-19,China PR,Japan,1,3,False,Qualification,Qualification,full_time,False,Japan,"Venue: Xiamen, China PR"
WorldCupQualifiers,2026,2024-11-19,Colombia,Ecuador,0,1,False,Qualification,Qualification,full_time,False,Ecuador,"Venue: Barranquilla, Colombia"
WorldCupQualifiers,2026,2024-11-19,Indonesia,Saudi Arabia,2,0,False,Qualification,Qualification,full_time,False,Indonesia,"Venue: Jakarta, Indonesia"
WorldCupQualifiers,2026,2024-11-19,Kuwait,Jordan,1,1,False,Qualification,Qualification,full_time,False,,"Venue: Kuwait City, Kuwait"
WorldCupQualifiers,2026,2024-11-19,Kyrgyzstan,Iran,2,3,False,Qualification,Qualification,full_time,False,Iran,"Venue: Bishkek, Kyrgyzstan"
WorldCupQualifiers,2026,2024-11-19,North Korea,Uzbekistan,0,1,True,Qualification,Qualification,full_time,False,Uzbekistan,"Venue: Vientiane, Laos"
WorldCupQualifiers,2026,2024-11-19,Oman,Iraq,0,1,False,Qualification,Qualification,full_time,False,Iraq,"Venue: Muscat, Oman"
WorldCupQualifiers,2026,2024-11-19,Palestine,South Korea,1,1,True,Qualification,Qualification,full_time,False,,"Venue: Amman, Jordan"
WorldCupQualifiers,2026,2024-11-19,United Arab Emirates,Qatar,5,0,False,Qualification,Qualification,full_time,False,United Arab Emirates,"Venue: Abu Dhabi, United Arab Emirates"
WorldCupQualifiers,2026,2025-03-19,Central African Republic,Madagascar,1,4,True,Qualification,Qualification,full_time,False,Madagascar,"Venue: Casablanca, Morocco"
WorldCupQualifiers,2026,2025-03-19,Eswatini,Cameroon,0,0,True,Qualification,Qualification,full_time,False,,"Venue: Mbombela, South Africa"
WorldCupQualifiers,2026,2025-03-19,Liberia,Tunisia,0,1,False,Qualification,Qualification,full_time,False,Tunisia,"Venue: Monrovia, Liberia"
WorldCupQualifiers,2026,2025-03-20,Australia,Indonesia,5,1,False,Qualification,Qualification,full_time,False,Australia,"Venue: Sydney, Australia"
WorldCupQualifiers,2026,2025-03-20,Brazil,Colombia,2,1,False,Qualification,Qualification,full_time,False,Brazil,"Venue: Brasília, Brazil"
WorldCupQualifiers,2026,2025-03-20,Cabo Verde,Mauritius,1,0,False,Qualification,Qualification,full_time,False,Cabo Verde,"Venue: Praia, Cape Verde"
WorldCupQualifiers,2026,2025-03-20,Comoros,Mali,0,3,True,Qualification,Qualification,full_time,False,Mali,"Venue: Berkane, Morocco"
WorldCupQualifiers,2026,2025-03-20,Gabon,Seychelles,3,0,False,Qualification,Qualification,full_time,False,Gabon,"Venue: Franceville, Gabon"
WorldCupQualifiers,2026,2025-03-20,Gambia,Kenya,3,3,True,Qualification,Qualification,full_time,False,,"Venue: Ebimpé, Ivory Coast"
WorldCupQualifiers,2026,2025-03-20,Iran,United Arab Emirates,2,0,False,Qualification,Qualification,full_time,False,Iran,"Venue: Tehran, Iran"
WorldCupQualifiers,2026,2025-03-20,Iraq,Kuwait,2,2,False,Qualification,Qualification,full_time,False,,"Venue: Basra, Iraq"
WorldCupQualifiers,2026,2025-03-20,Japan,Bahrain,2,0,False,Qualification,Qualification,full_time,False,Japan,"Venue: Saitama, Japan"
WorldCupQualifiers,2026,2025-03-20,Jordan,Palestine,3,1,False,Qualification,Qualification,full_time,False,Jordan,"Venue: Amman, Jordan"
WorldCupQualifiers,2026,2025-03-20,Libya,Angola,1,1,False,Qualification,Qualification,full_time,False,,"Venue: Benghazi, Libya"
WorldCupQualifiers,2026,2025-03-20,Malawi,Namibia,0,1,False,Qualification,Qualification,full_time,False,Namibia,"Venue: Lilongwe, Malawi"
WorldCupQualifiers,2026,2025-03-20,Mozambique,Uganda,3,1,True,Qualification,Qualification,full_time,False,Mozambique,"Venue: Cairo, Egypt"
WorldCupQualifiers,2026,2025-03-20,Paraguay,Chile,1,0,False,Qualification,Qualification,full_time,False,Paraguay,"Venue: Asunción, Paraguay"
WorldCupQualifiers,2026,2025-03-20,Peru,Bolivia,3,1,False,Qualification,Qualification,full_time,False,Peru,"Venue: Lima, Peru"
WorldCupQualifiers,2026,2025-03-20,Qatar,North Korea,5,1,False,Qualification,Qualification,full_time,False,Qatar,"Venue: Al Rayyan, Qatar"
WorldCupQualifiers,2026,2025-03-20,Saudi Arabia,China PR,1,0,False,Qualification,Qualification,full_time,False,Saudi Arabia,"Venue: Riyadh, Saudi Arabia"
WorldCupQualifiers,2026,2025-03-20,Sierra Leone,Guinea-Bissau,3,1,True,Qualification,Qualification,full_time,False,Sierra Leone,"Venue: Monrovia, Liberia"
WorldCupQualifiers,2026,2025-03-20,South Korea,Oman,1,1,False,Qualification,Qualification,full_time,False,,"Venue: Goyang, South Korea"
WorldCupQualifiers,2026,2025-03-20,Uzbekistan,Kyrgyzstan,1,0,False,Qualification,Qualification,full_time,False,Uzbekistan,"Venue: Tashkent, Uzbekistan"
WorldCupQualifiers,2026,2025-03-20,Zimbabwe,Benin,2,2,True,Qualification,Qualification,full_time,False,,"Venue: Durban, South Africa"
WorldCupQualifiers,2026,2025-03-21,Andorra,Latvia,0,1,False,Qualification,Qualification,full_time,False,Latvia,"Venue: Andorra la Vella, Andorra"
WorldCupQualifiers,2026,2025-03-21,Botswana,Algeria,1,3,False,Qualification,Qualification,full_time,False,Algeria,"Venue: Francistown, Botswana"
WorldCupQualifiers,2026,2025-03-21,Burkina Faso,Djibouti,4,1,True,Qualification,Qualification,full_time,False,Burkina Faso,"Venue: El Jadida, Morocco"
WorldCupQualifiers,2026,2025-03-21,Burundi,Ivory Coast,0,1,True,Qualification,Qualification,full_time,False,Ivory Coast,"Venue: Meknes, Morocco"
WorldCupQualifiers,2026,2025-03-21,Cyprus,San Marino,2,0,False,Qualification,Qualification,full_time,False,Cyprus,"Venue: Larnaca, Cyprus"
WorldCupQualifiers,2026,2025-03-21,DR Congo,South Sudan,1,0,False,Qualification,Qualification,full_time,False,DR Congo,"Venue: Kinshasa, DR Congo"
WorldCupQualifiers,2026,2025-03-21,Ecuador,Venezuela,2,1,False,Qualification,Qualification,full_time,False,Ecuador,"Venue: Quito, Ecuador"
WorldCupQualifiers,2026,2025-03-21,England,Albania,2,0,False,Qualification,Qualification,full_time,False,England,"Venue: London, England"
WorldCupQualifiers,2026,2025-03-21,Equatorial Guinea,São Tomé and Príncipe,2,0,False,Qualification,Qualification,full_time,False,Equatorial Guinea,"Venue: Malabo, Equatorial Guinea"
WorldCupQualifiers,2026,2025-03-21,Ethiopia,Egypt,0,2,True,Qualification,Qualification,full_time,False,Egypt,"Venue: Casablanca, Morocco"
WorldCupQualifiers,2026,2025-03-21,Ghana,Chad,5,0,False,Qualification,Qualification,full_time,False,Ghana,"Venue: Accra, Ghana"
WorldCupQualifiers,2026,2025-03-21,Guinea,Somalia,0,0,True,Qualification,Qualification,full_time,False,,"Venue: Ebimpé, Ivory Coast"
WorldCupQualifiers,2026,2025-03-21,Malta,Finland,0,1,False,Qualification,Qualification,full_time,False,Finland,"Venue: Ta' Qali, Malta"
WorldCupQualifiers,2026,2025-03-21,Morocco,Niger,2,1,False,Qualification,Qualification,full_time,False,Morocco,"Venue: Oujda, Morocco"
WorldCupQualifiers,2026,2025-03-21,New Caledonia,Tahiti,3,0,True,Qualification,Qualification,full_time,False,New Caledonia,"Venue: Wellington, New Zealand"
WorldCupQualifiers,2026,2025-03-21,New Zealand,Fiji,7,0,False,Qualification,Qualification,full_time,False,New Zealand,"Venue: Wellington, New Zealand"
WorldCupQualifiers,2026,2025-03-21,Poland,Lithuania,1,0,False,Qualification,Qualification,full_time,False,Poland,"Venue: Warsaw, Poland"
WorldCupQualifiers,2026,2025-03-21,Romania,Bosnia and Herzegovina,0,1,False,Qualification,Qualification,full_time,False,Bosnia and Herzegovina,"Venue: Bucharest, Romania"
WorldCupQualifiers,2026,2025-03-21,Rwanda,Nigeria,0,2,False,Qualification,Qualification,full_time,False,Nigeria,"Venue: Kigali, Rwanda"
WorldCupQualifiers,2026,2025-03-21,South Africa,Lesotho,0,3,False,Qualification,Qualification,full_time,False,Lesotho,"Venue: Polokwane, South Africa"
WorldCupQualifiers,2026,2025-03-21,Uruguay,Argentina,0,1,False,Qualification,Qualification,full_time,False,Argentina,"Venue: Montevideo, Uruguay"
WorldCupQualifiers,2026,2025-03-22,Czechia,Faroe Islands,2,1,False,Qualification,Qualification,full_time,False,Czechia,"Venue: Hradec Králové, Czech Republic"
WorldCupQualifiers,2026,2025-03-22,Israel,Estonia,2,1,True,Qualification,Qualification,full_time,False,Israel,"Venue: Debrecen, Hungary"
WorldCupQualifiers,2026,2025-03-22,Liechtenstein,North Macedonia,0,3,False,Qualification,Qualification,full_time,False,North Macedonia,"Venue: Vaduz, Liechtenstein"
WorldCupQualifiers,2026,2025-03-22,Moldova,Norway,0,5,False,Qualification,Qualification,full_time,False,Norway,"Venue: Chișinău, Moldova"
WorldCupQualifiers,2026,2025-03-22,Montenegro,Gibraltar,3,1,False,Qualification,Qualification,full_time,False,Montenegro,"Venue: Nikšić, Montenegro"
WorldCupQualifiers,2026,2025-03-22,Sudan,Senegal,0,0,True,Qualification,Qualification,full_time,False,,"Venue: Benghazi, Libya"
WorldCupQualifiers,2026,2025-03-22,Togo,Mauritania,2,2,False,Qualification,Qualification,full_time,False,,"Venue: Lomé, Togo"
WorldCupQualifiers,2026,2025-03-22,Wales,Kazakhstan,3,1,False,Qualification,Qualification,full_time,False,Wales,"Venue: Cardiff, Wales"
WorldCupQualifiers,2026,2025-03-23,Eswatini,Mauritius,3,3,True,Qualification,Qualification,full_time,False,,"Venue: Mbombela, South Africa"
WorldCupQualifiers,2026,2025-03-23,Kenya,Gabon,1,2,False,Qualification,Qualification,full_time,False,Gabon,"Venue: Nairobi, Kenya"
WorldCupQualifiers,2026,2025-03-24,Albania,Andorra,3,0,False,Qualification,Qualification,full_time,False,Albania,"Venue: Tirana, Albania"
WorldCupQualifiers,2026,2025-03-24,Bosnia and Herzegovina,Cyprus,2,1,False,Qualification,Qualification,full_time,False,Bosnia and Herzegovina,"Venue: Zenica, Bosnia and Herzegovina"
WorldCupQualifiers,2026,2025-03-24,Central African Republic,Mali,0,0,True,Qualification,Qualification,full_time,False,,"Venue: Casablanca, Morocco"
WorldCupQualifiers,2026,2025-03-24,England,Latvia,3,0,False,Qualification,Qualification,full_time,False,England,"Venue: London, England"
WorldCupQualifiers,2026,2025-03-24,Ethiopia,Djibouti,6,1,True,Qualification,Qualification,full_time,False,Ethiopia,"Venue: El Jadida, Morocco"
WorldCupQualifiers,2026,2025-03-24,Guinea-Bissau,Burkina Faso,1,2,False,Qualification,Qualification,full_time,False,Burkina Faso,"Venue: Bissau, Guinea-Bissau"
WorldCupQualifiers,2026,2025-03-24,Ivory Coast,Gambia,1,0,False,Qualification,Qualification,full_time,False,Ivory Coast,"Venue: Abidjan, Ivory Coast"
WorldCupQualifiers,2026,2025-03-24,Liberia,São Tomé and Príncipe,2,1,False,Qualification,Qualification,full_time,False,Liberia,"Venue: Monrovia, Liberia"
WorldCupQualifiers,2026,2025-03-24,Lithuania,Finland,2,2,False,Qualification,Qualification,full_time,False,,"Venue: Kaunas, Lithuania"
WorldCupQualifiers,2026,2025-03-24,Madagascar,Ghana,0,3,True,Qualification,Qualification,full_time,False,Ghana,"Venue: Al Hoceima, Morocco"
WorldCupQualifiers,2026,2025-03-24,Namibia,Equatorial Guinea,1,1,True,Qualification,Qualification,full_time,False,,"Venue: Johannesburg, South Africa"
WorldCupQualifiers,2026,2025-03-24,New Zealand,New Caledonia,3,0,False,Qualification,Qualification,full_time,False,New Zealand,"Venue: Auckland, New Zealand"
WorldCupQualifiers,2026,2025-03-24,Poland,Malta,2,0,False,Qualification,Qualification,full_time,False,Poland,"Venue: Warsaw, Poland"
WorldCupQualifiers,2026,2025-03-24,San Marino,Romania,1,5,False,Qualification,Qualification,full_time,False,Romania,"Venue: Serravalle, San Marino"
WorldCupQualifiers,2026,2025-03-24,Tunisia,Malawi,2,0,False,Qualification,Qualification,full_time,False,Tunisia,"Venue: Radès, Tunisia"
WorldCupQualifiers,2026,2025-03-25,Algeria,Mozambique,5,1,False,Qualification,Qualification,full_time,False,Algeria,"Venue: Tizi Ouzou, Algeria"
WorldCupQualifiers,2026,2025-03-25,Angola,Cabo Verde,1,2,False,Qualification,Qualification,full_time,False,Cabo Verde,"Venue: Luanda, Angola"
WorldCupQualifiers,2026,2025-03-25,Argentina,Brazil,4,1,False,Qualification,Qualification,full_time,False,Argentina,"Venue: Buenos Aires, Argentina"
WorldCupQualifiers,2026,2025-03-25,Benin,South Africa,0,2,True,Qualification,Qualification,full_time,False,South Africa,"Venue: Abidjan, Ivory Coast"
WorldCupQualifiers,2026,2025-03-25,Bolivia,Uruguay,0,0,False,Qualification,Qualification,full_time,False,,"Venue: El Alto, Bolivia"
WorldCupQualifiers,2026,2025-03-25,Botswana,Somalia,2,0,False,Qualification,Qualification,full_time,False,Botswana,"Venue: Francistown, Botswana"
WorldCupQualifiers,2026,2025-03-25,Burundi,Seychelles,5,0,True,Qualification,Qualification,full_time,False,Burundi,"Venue: Meknes, Morocco"
WorldCupQualifiers,2026,2025-03-25,Cameroon,Libya,3,1,False,Qualification,Qualification,full_time,False,Cameroon,"Venue: Yaounde, Cameroon"
WorldCupQualifiers,2026,2025-03-25,Chile,Ecuador,0,0,False,Qualification,Qualification,full_time,False,,"Venue: Santiago, Chile"
WorldCupQualifiers,2026,2025-03-25,China PR,Australia,0,2,False,Qualification,Qualification,full_time,False,Australia,"Venue: Hangzhou, China PR"
WorldCupQualifiers,2026,2025-03-25,Colombia,Paraguay,2,2,False,Qualification,Qualification,full_time,False,,"Venue: Barranquilla, Colombia"
WorldCupQualifiers,2026,2025-03-25,Comoros,Chad,1,0,True,Qualification,Qualification,full_time,False,Comoros,"Venue: Berkane, Morocco"
WorldCupQualifiers,2026,2025-03-25,Egypt,Sierra Leone,1,0,False,Qualification,Qualification,full_time,False,Egypt,"Venue: Cairo, Egypt"
WorldCupQualifiers,2026,2025-03-25,Gibraltar,Czechia,0,4,True,Qualification,Qualification,full_time,False,Czechia,"Venue: Faro-Loulé, Portugal"
WorldCupQualifiers,2026,2025-03-25,Indonesia,Bahrain,1,0,False,Qualification,Qualification,full_time,False,Indonesia,"Venue: Jakarta, Indonesia"
WorldCupQualifiers,2026,2025-03-25,Iran,Uzbekistan,2,2,False,Qualification,Qualification,full_time,False,,"Venue: Tehran, Iran"
WorldCupQualifiers,2026,2025-03-25,Israel,Norway,2,4,True,Qualification,Qualification,full_time,False,Norway,"Venue: Debrecen, Hungary"
WorldCupQualifiers,2026,2025-03-25,Japan,Saudi Arabia,0,0,False,Qualification,Qualification,full_time,False,,"Venue: Saitama, Japan"
WorldCupQualifiers,2026,2025-03-25,Kuwait,Oman,0,1,False,Qualification,Qualification,full_time,False,Oman,"Venue: Kuwait City, Kuwait"
WorldCupQualifiers,2026,2025-03-25,Kyrgyzstan,Qatar,3,1,False,Qualification,Qualification,full_time,False,Kyrgyzstan,"Venue: Bishkek, Kyrgyzstan"
WorldCupQualifiers,2026,2025-03-25,Liechtenstein,Kazakhstan,0,2,False,Qualification,Qualification,full_time,False,Kazakhstan,"Venue: Vaduz, Liechtenstein"
WorldCupQualifiers,2026,2025-03-25,Mauritania,DR Congo,0,2,False,Qualification,Qualification,full_time,False,DR Congo,"Venue: Nouadhibou, Mauritania"
WorldCupQualifiers,2026,2025-03-25,Moldova,Estonia,2,3,False,Qualification,Qualification,full_time,False,Estonia,"Venue: Chișinău, Moldova"
WorldCupQualifiers,2026,2025-03-25,Montenegro,Faroe Islands,1,0,False,Qualification,Qualification,full_time,False,Montenegro,"Venue: Nikšić, Montenegro"
WorldCupQualifiers,2026,2025-03-25,Morocco,Tanzania,2,0,False,Qualification,Qualification,full_time,False,Morocco,"Venue: Oujda, Morocco"
WorldCupQualifiers,2026,2025-03-25,Nigeria,Zimbabwe,1,1,False,Qualification,Qualification,full_time,False,,"Venue: Uyo, Nigeria"
WorldCupQualifiers,2026,2025-03-25,North Korea,United Arab Emirates,1,2,True,Qualification,Qualification,full_time,False,United Arab Emirates,"Venue: Riyadh, Saudi Arabia"
WorldCupQualifiers,2026,2025-03-25,North Macedonia,Wales,1,1,False,Qualification,Qualification,full_time,False,,"Venue: Skopje, North Macedonia"
WorldCupQualifiers,2026,2025-03-25,Palestine,Iraq,2,1,True,Qualification,Qualification,full_time,False,Palestine,"Venue: Amman, Jordan"
WorldCupQualifiers,2026,2025-03-25,Rwanda,Lesotho,1,1,False,Qualification,Qualification,full_time,False,,"Venue: Kigali, Rwanda"
WorldCupQualifiers,2026,2025-03-25,Senegal,Togo,2,0,False,Qualification,Qualification,full_time,False,Senegal,"Venue: Diamniadio, Senegal"
WorldCupQualifiers,2026,2025-03-25,South Korea,Jordan,1,1,False,Qualification,Qualification,full_time,False,,"Venue: Suwon, South Korea"
WorldCupQualifiers,2026,2025-03-25,Sudan,South Sudan,1,1,True,Qualification,Qualification,full_time,False,,"Venue: Benghazi, Libya"
WorldCupQualifiers,2026,2025-03-25,Uganda,Guinea,1,0,False,Qualification,Qualification,full_time,False,Uganda,"Venue: Kira, Uganda"
WorldCupQualifiers,2026,2025-03-25,Venezuela,Peru,1,0,False,Qualification,Qualification,full_time,False,Venezuela,"Venue: Maturín, Venezuela"
WorldCupQualifiers,2026,2025-06-04,Barbados,Aruba,1,1,False,Qualification,Qualification,full_time,False,,"Venue: Wildey, Barbados"
WorldCupQualifiers,2026,2025-06-04,Bermuda,Cayman Islands,5,0,False,Qualification,Qualification,full_time,False,Bermuda,"Venue: Devonshire Parish, Bermuda"
WorldCupQualifiers,2026,2025-06-04,Dominica,British Virgin Islands,3,0,False,Qualification,Qualification,full_time,False,Dominica,"Venue: Roseau, Dominica"
WorldCupQualifiers,2026,2025-06-04,Grenada,Bahamas,6,0,False,Qualification,Qualification,full_time,False,Grenada,"Venue: St. George's, Grenada"
WorldCupQualifiers,2026,2025-06-04,Montserrat,Belize,1,0,True,Qualification,Qualification,full_time,False,Montserrat,"Venue: Couva, Trinidad and Tobago"
WorldCupQualifiers,2026,2025-06-04,Saint Vincent and the Grenadines,Anguilla,6,0,False,Qualification,Qualification,full_time,False,Saint Vincent and the Grenadines,"Venue: Kingstown, Saint Vincent and the Grenadines"
WorldCupQualifiers,2026,2025-06-05,Australia,Japan,1,0,False,Qualification,Qualification,full_time,False,Australia,"Venue: Perth, Australia"
WorldCupQualifiers,2026,2025-06-05,Bahrain,Saudi Arabia,0,2,False,Qualification,Qualification,full_time,False,Saudi Arabia,"Venue: Riffa, Bahrain"
WorldCupQualifiers,2026,2025-06-05,Chile,Argentina,0,1,False,Qualification,Qualification,full_time,False,Argentina,"Venue: Santiago, Chile"
WorldCupQualifiers,2026,2025-06-05,Ecuador,Brazil,0,0,False,Qualification,Qualification,full_time,False,,"Venue: Guayaquil, Ecuador"
WorldCupQualifiers,2026,2025-06-05,Indonesia,China PR,1,0,False,Qualification,Qualification,full_time,False,Indonesia,"Venue: Jakarta, Indonesia"
WorldCupQualifiers,2026,2025-06-05,Iraq,South Korea,0,2,False,Qualification,Qualification,full_time,False,South Korea,"Venue: Basra, Iraq"
WorldCupQualifiers,2026,2025-06-05,Kuwait,Palestine,0,2,False,Qualification,Qualification,full_time,False,Palestine,"Venue: Kuwait City, Kuwait"
WorldCupQualifiers,2026,2025-06-05,North Korea,Kyrgyzstan,2,2,True,Qualification,Qualification,full_time,False,,"Venue: Riyadh, Saudi Arabia"
WorldCupQualifiers,2026,2025-06-05,Oman,Jordan,0,3,False,Qualification,Qualification,full_time,False,Jordan,"Venue: Muscat, Oman"
WorldCupQualifiers,2026,2025-06-05,Paraguay,Uruguay,2,0,False,Qualification,Qualification,full_time,False,Paraguay,"Venue: Asunción, Paraguay"
WorldCupQualifiers,2026,2025-06-05,Qatar,Iran,1,0,False,Qualification,Qualification,full_time,False,Qatar,"Venue: Al Rayyan, Qatar"
WorldCupQualifiers,2026,2025-06-05,United Arab Emirates,Uzbekistan,0,0,False,Qualification,Qualification,full_time,False,,"Venue: Abu Dhabi, United Arab Emirates"
WorldCupQualifiers,2026,2025-06-06,Antigua and Barbuda,Cuba,0,1,False,Qualification,Qualification,full_time,False,Cuba,"Venue: Piggotts, Antigua and Barbuda"
WorldCupQualifiers,2026,2025-06-06,Colombia,Peru,0,0,False,Qualification,Qualification,full_time,False,,"Venue: Barranquilla, Colombia"
WorldCupQualifiers,2026,2025-06-06,Curaçao,Saint Lucia,4,0,False,Qualification,Qualification,full_time,False,Curaçao,"Venue: Willemstad, Curaçao"
WorldCupQualifiers,2026,2025-06-06,Czechia,Montenegro,2,0,False,Qualification,Qualification,full_time,False,Czechia,"Venue: Plzeň, Czech Republic"
WorldCupQualifiers,2026,2025-06-06,Estonia,Israel,1,3,False,Qualification,Qualification,full_time,False,Israel,"Venue: Tallinn, Estonia"
WorldCupQualifiers,2026,2025-06-06,Gibraltar,Croatia,0,7,True,Qualification,Qualification,full_time,False,Croatia,"Venue: Faro-Loulé, Portugal"
WorldCupQualifiers,2026,2025-06-06,Guatemala,Dominican Republic,4,2,False,Qualification,Qualification,full_time,False,Guatemala,"Venue: Guatemala City, Guatemala"
WorldCupQualifiers,2026,2025-06-06,Nicaragua,Guyana,1,0,False,Qualification,Qualification,full_time,False,Nicaragua,"Venue: Managua, Nicaragua"
WorldCupQualifiers,2026,2025-06-06,North Macedonia,Belgium,1,1,False,Qualification,Qualification,full_time,False,,"Venue: Skopje, North Macedonia"
WorldCupQualifiers,2026,2025-06-06,Norway,Italy,3,0,False,Qualification,Qualification,full_time,False,Norway,"Venue: Oslo, Norway"
WorldCupQualifiers,2026,2025-06-06,Suriname,Puerto Rico,1,0,False,Qualification,Qualification,full_time,False,Suriname,"Venue: Paramaribo, Suriname"
WorldCupQualifiers,2026,2025-06-06,Trinidad and Tobago,Saint Kitts and Nevis,6,2,False,Qualification,Qualification,full_time,False,Trinidad and Tobago,"Venue: Port of Spain, Trinidad and Tobago"
WorldCupQualifiers,2026,2025-06-06,Venezuela,Bolivia,2,0,False,Qualification,Qualification,full_time,False,Venezuela,"Venue: Maturín, Venezuela"
WorldCupQualifiers,2026,2025-06-06,Wales,Liechtenstein,3,0,False,Qualification,Qualification,full_time,False,Wales,"Venue: Cardiff, Wales"
WorldCupQualifiers,2026,2025-06-07,Albania,Serbia,0,0,False,Qualification,Qualification,full_time,False,,"Venue: Tirana, Albania"
WorldCupQualifiers,2026,2025-06-07,Andorra,England,0,1,True,Qualification,Qualification,full_time,False,England,"Venue: Barcelona, Spain"
WorldCupQualifiers,2026,2025-06-07,Anguilla,El Salvador,0,3,False,Qualification,Qualification,full_time,False,El Salvador,"Venue: The Valley, Anguilla"
WorldCupQualifiers,2026,2025-06-07,Aruba,Haiti,0,5,False,Qualification,Qualification,full_time,False,Haiti,"Venue: Oranjestad, Aruba"
WorldCupQualifiers,2026,2025-06-07,Austria,Romania,2,1,False,Qualification,Qualification,full_time,False,Austria,"Venue: Vienna, Austria"
WorldCupQualifiers,2026,2025-06-07,Bahamas,Costa Rica,0,8,True,Qualification,Qualification,full_time,False,Costa Rica,"Venue: Wildey, Barbados"
WorldCupQualifiers,2026,2025-06-07,Belize,Panama,0,2,False,Qualification,Qualification,full_time,False,Panama,"Venue: Belmopan, Belize"
WorldCupQualifiers,2026,2025-06-07,Bosnia and Herzegovina,San Marino,1,0,False,Qualification,Qualification,full_time,False,Bosnia and Herzegovina,"Venue: Zenica, Bosnia and Herzegovina"
WorldCupQualifiers,2026,2025-06-07,British Virgin Islands,Jamaica,0,1,False,Qualification,Qualification,full_time,False,Jamaica,"Venue: Road Town, British Virgin Islands"
WorldCupQualifiers,2026,2025-06-07,Cayman Islands,Honduras,0,1,False,Qualification,Qualification,full_time,False,Honduras,"Venue: George Town, Cayman Islands"
WorldCupQualifiers,2026,2025-06-07,Finland,Netherlands,0,2,False,Qualification,Qualification,full_time,False,Netherlands,"Venue: Helsinki, Finland"
WorldCupQualifiers,2026,2025-06-07,Malta,Lithuania,0,0,False,Qualification,Qualification,full_time,False,,"Venue: Ta' Qali, Malta"
WorldCupQualifiers,2026,2025-06-09,Belgium,Wales,4,3,False,Qualification,Qualification,full_time,False,Belgium,"Venue: Brussels, Belgium"
WorldCupQualifiers,2026,2025-06-09,Croatia,Czechia,5,1,False,Qualification,Qualification,full_time,False,Croatia,"Venue: Osijek, Croatia"
WorldCupQualifiers,2026,2025-06-09,Estonia,Norway,0,1,False,Qualification,Qualification,full_time,False,Norway,"Venue: Tallinn, Estonia"
WorldCupQualifiers,2026,2025-06-09,Faroe Islands,Gibraltar,2,1,False,Qualification,Qualification,full_time,False,Faroe Islands,"Venue: Tórshavn, Faroe Islands"
WorldCupQualifiers,2026,2025-06-09,Italy,Moldova,2,0,False,Qualification,Qualification,full_time,False,Italy,"Venue: Reggio Emilia, Italy"
WorldCupQualifiers,2026,2025-06-09,Kazakhstan,North Macedonia,0,1,False,Qualification,Qualification,full_time,False,North Macedonia,"Venue: Astana, Kazakhstan"
WorldCupQualifiers,2026,2025-06-10,Argentina,Colombia,1,1,False,Qualification,Qualification,full_time,False,,"Venue: Buenos Aires, Argentina"
WorldCupQualifiers,2026,2025-06-10,Bolivia,Chile,2,0,False,Qualification,Qualification,full_time,False,Bolivia,"Venue: El Alto, Bolivia"
WorldCupQualifiers,2026,2025-06-10,Brazil,Paraguay,1,0,False,Qualification,Qualification,full_time,False,Brazil,"Venue: São Paulo, Brazil"
WorldCupQualifiers,2026,2025-06-10,China PR,Bahrain,1,0,False,Qualification,Qualification,full_time,False,China PR,"Venue: Chongqing, China PR"
WorldCupQualifiers,2026,2025-06-10,Costa Rica,Trinidad and Tobago,2,1,False,Qualification,Qualification,full_time,False,Costa Rica,"Venue: San José, Costa Rica"
WorldCupQualifiers,2026,2025-06-10,Cuba,Bermuda,1,2,False,Qualification,Qualification,full_time,False,Bermuda,"Venue: Santiago de Cuba, Cuba"
WorldCupQualifiers,2026,2025-06-10,Dominican Republic,Dominica,5,0,False,Qualification,Qualification,full_time,False,Dominican Republic,"Venue: Santo Domingo, Dominican Republic"
WorldCupQualifiers,2026,2025-06-10,El Salvador,Suriname,1,1,False,Qualification,Qualification,full_time,False,,"Venue: San Salvador, El Salvador"
WorldCupQualifiers,2026,2025-06-10,Finland,Poland,2,1,False,Qualification,Qualification,full_time,False,Finland,"Venue: Helsinki, Finland"
WorldCupQualifiers,2026,2025-06-10,Guyana,Montserrat,3,0,False,Qualification,Qualification,full_time,False,Guyana,"Venue: Leonora, Guyana"
WorldCupQualifiers,2026,2025-06-10,Haiti,Curaçao,1,5,True,Qualification,Qualification,full_time,False,Curaçao,"Venue: Oranjestad, Aruba"
WorldCupQualifiers,2026,2025-06-10,Honduras,Antigua and Barbuda,2,0,False,Qualification,Qualification,full_time,False,Honduras,"Venue: Tegucigalpa, Honduras"
WorldCupQualifiers,2026,2025-06-10,Iran,North Korea,3,0,False,Qualification,Qualification,full_time,False,Iran,"Venue: Tehran, Iran"
WorldCupQualifiers,2026,2025-06-10,Jamaica,Guatemala,3,0,False,Qualification,Qualification,full_time,False,Jamaica,"Venue: Kingston, Jamaica"
WorldCupQualifiers,2026,2025-06-10,Japan,Indonesia,6,0,False,Qualification,Qualification,full_time,False,Japan,"Venue: Suita, Japan"
WorldCupQualifiers,2026,2025-06-10,Jordan,Iraq,0,1,False,Qualification,Qualification,full_time,False,Iraq,"Venue: Amman, Jordan"
WorldCupQualifiers,2026,2025-06-10,Kyrgyzstan,United Arab Emirates,1,1,False,Qualification,Qualification,full_time,False,,"Venue: Bishkek, Kyrgyzstan"
WorldCupQualifiers,2026,2025-06-10,Latvia,Albania,1,1,False,Qualification,Qualification,full_time,False,,"Venue: Riga, Latvia"
WorldCupQualifiers,2026,2025-06-10,Netherlands,Malta,8,0,False,Qualification,Qualification,full_time,False,Netherlands,"Venue: Groningen, Netherlands"
WorldCupQualifiers,2026,2025-06-10,Palestine,Oman,1,1,True,Qualification,Qualification,full_time,False,,"Venue: Amman, Jordan"
WorldCupQualifiers,2026,2025-06-10,Panama,Nicaragua,3,0,False,Qualification,Qualification,full_time,False,Panama,"Venue: Panama City, Panama"
WorldCupQualifiers,2026,2025-06-10,Peru,Ecuador,0,0,False,Qualification,Qualification,full_time,False,,"Venue: Lima, Peru"
WorldCupQualifiers,2026,2025-06-10,Puerto Rico,Saint Vincent and the Grenadines,2,1,False,Qualification,Qualification,full_time,False,Puerto Rico,"Venue: Mayagüez, Puerto Rico"
WorldCupQualifiers,2026,2025-06-10,Romania,Cyprus,2,0,False,Qualification,Qualification,full_time,False,Romania,"Venue: Bucharest, Romania"
WorldCupQualifiers,2026,2025-06-10,Saint Kitts and Nevis,Grenada,2,3,False,Qualification,Qualification,full_time,False,Grenada,"Venue: Basseterre, Saint Kitts and Nevis"
WorldCupQualifiers,2026,2025-06-10,Saint Lucia,Barbados,2,1,False,Qualification,Qualification,full_time,False,Saint Lucia,"Venue: Gros Islet, Saint Lucia"
WorldCupQualifiers,2026,2025-06-10,San Marino,Austria,0,4,False,Qualification,Qualification,full_time,False,Austria,"Venue: Serravalle, San Marino"
WorldCupQualifiers,2026,2025-06-10,Saudi Arabia,Australia,1,2,False,Qualification,Qualification,full_time,False,Australia,"Venue: Jeddah, Saudi Arabia"
WorldCupQualifiers,2026,2025-06-10,Serbia,Andorra,3,0,False,Qualification,Qualification,full_time,False,Serbia,"Venue: Leskovac, Serbia"
WorldCupQualifiers,2026,2025-06-10,South Korea,Kuwait,4,0,False,Qualification,Qualification,full_time,False,South Korea,"Venue: Seoul, South Korea"
WorldCupQualifiers,2026,2025-06-10,Uruguay,Venezuela,2,0,False,Qualification,Qualification,full_time,False,Uruguay,"Venue: Montevideo, Uruguay"
WorldCupQualifiers,2026,2025-06-10,Uzbekistan,Qatar,3,0,False,Qualification,Qualification,full_time,False,Uzbekistan,"Venue: Tashkent, Uzbekistan"
WorldCupQualifiers,2026,2025-09-03,Seychelles,Gabon,0,4,True,Qualification,Qualification,full_time,False,Gabon,"Venue: Saint Pierre, Mauritius"
WorldCupQualifiers,2026,2025-09-04,Algeria,Botswana,3,1,False,Qualification,Qualification,full_time,False,Algeria,"Venue: Tizi Ouzou, Algeria"
WorldCupQualifiers,2026,2025-09-04,Angola,Libya,0,1,False,Qualification,Qualification,full_time,False,Libya,"Venue: Luanda, Angola"
WorldCupQualifiers,2026,2025-09-04,Argentina,Venezuela,3,0,False,Qualification,Qualification,full_time,False,Argentina,"Venue: Buenos Aires, Argentina"
WorldCupQualifiers,2026,2025-09-04,Brazil,Chile,3,0,False,Qualification,Qualification,full_time,False,Brazil,"Venue: Rio de Janeiro, Brazil"
WorldCupQualifiers,2026,2025-09-04,Bulgaria,Spain,0,3,False,Qualification,Qualification,full_time,False,Spain,"Venue: Sofia, Bulgaria"
WorldCupQualifiers,2026,2025-09-04,Cameroon,Eswatini,3,0,False,Qualification,Qualification,full_time,False,Cameroon,"Venue: Yaoundé, Cameroon"
WorldCupQualifiers,2026,2025-09-04,Chad,Ghana,1,1,False,Qualification,Qualification,full_time,False,,"Venue: N'Djamena, Chad"
WorldCupQualifiers,2026,2025-09-04,Colombia,Bolivia,3,0,False,Qualification,Qualification,full_time,False,Colombia,"Venue: Barranquilla, Colombia"
WorldCupQualifiers,2026,2025-09-04,Georgia,Turkey,2,3,False,Qualification,Qualification,full_time,False,Turkey,"Venue: Tbilisi, Georgia"
WorldCupQualifiers,2026,2025-09-04,Guatemala,El Salvador,0,1,False,Qualification,Qualification,full_time,False,El Salvador,"Venue: Guatemala City, Guatemala"
WorldCupQualifiers,2026,2025-09-04,Guinea-Bissau,Sierra Leone,1,1,False,Qualification,Qualification,full_time,False,,"Venue: Bissau, Guinea-Bissau"
WorldCupQualifiers,2026,2025-09-04,Kazakhstan,Wales,0,1,False,Qualification,Qualification,full_time,False,Wales,"Venue: Astana, Kazakhstan"
WorldCupQualifiers,2026,2025-09-04,Liechtenstein,Belgium,0,6,False,Qualification,Qualification,full_time,False,Belgium,"Venue: Vaduz, Liechtenstein"
WorldCupQualifiers,2026,2025-09-04,Lithuania,Malta,1,1,False,Qualification,Qualification,full_time,False,,"Venue: Kaunas, Lithuania"
WorldCupQualifiers,2026,2025-09-04,Luxembourg,Northern Ireland,1,3,False,Qualification,Qualification,full_time,False,Northern Ireland,"Venue: Luxembourg, Luxembourg"
WorldCupQualifiers,2026,2025-09-04,Madagascar,Central African Republic,2,0,True,Qualification,Qualification,full_time,False,Madagascar,"Venue: Casablanca, Morocco"
WorldCupQualifiers,2026,2025-09-04,Mali,Comoros,3,0,True,Qualification,Qualification,full_time,False,Mali,"Venue: Berkane, Morocco"
WorldCupQualifiers,2026,2025-09-04,Mauritius,Cabo Verde,0,2,False,Qualification,Qualification,full_time,False,Cabo Verde,"Venue: Saint Pierre, Mauritius"
WorldCupQualifiers,2026,2025-09-04,Netherlands,Poland,1,1,False,Qualification,Qualification,full_time,False,,"Venue: Rotterdam, Netherlands"
WorldCupQualifiers,2026,2025-09-04,Paraguay,Ecuador,0,0,False,Qualification,Qualification,full_time,False,,"Venue: Asunción, Paraguay"
WorldCupQualifiers,2026,2025-09-04,Slovakia,Germany,2,0,False,Qualification,Qualification,full_time,False,Slovakia,"Venue: Bratislava, Slovakia"
WorldCupQualifiers,2026,2025-09-04,Suriname,Panama,0,0,False,Qualification,Qualification,full_time,False,,"Venue: Paramaribo, Suriname"
WorldCupQualifiers,2026,2025-09-04,São Tomé and Príncipe,Equatorial Guinea,2,3,True,Qualification,Qualification,full_time,False,Equatorial Guinea,"Venue: Oujda, Morocco"
WorldCupQualifiers,2026,2025-09-04,Tunisia,Liberia,3,0,False,Qualification,Qualification,full_time,False,Tunisia,"Venue: Radès, Tunisia"
WorldCupQualifiers,2026,2025-09-04,Uruguay,Peru,3,0,False,Qualification,Qualification,full_time,False,Uruguay,"Venue: Montevideo, Uruguay"
WorldCupQualifiers,2026,2025-09-05,Benin,Zimbabwe,1,0,True,Qualification,Qualification,full_time,False,Benin,"Venue: Ebimpé, Ivory Coast"
WorldCupQualifiers,2026,2025-09-05,Bermuda,Jamaica,0,4,False,Qualification,Qualification,full_time,False,Jamaica,"Venue: Devonshire Parish, Bermuda"
WorldCupQualifiers,2026,2025-09-05,Congo,Tanzania,1,1,False,Qualification,Qualification,full_time,False,,"Venue: Brazzaville, Congo"
WorldCupQualifiers,2026,2025-09-05,Denmark,Scotland,0,0,False,Qualification,Qualification,full_time,False,,"Venue: Copenhagen, Denmark"
WorldCupQualifiers,2026,2025-09-05,Djibouti,Burkina Faso,0,6,True,Qualification,Qualification,full_time,False,Burkina Faso,"Venue: Bissau, Guinea-Bissau"
WorldCupQualifiers,2026,2025-09-05,Egypt,Ethiopia,2,0,False,Qualification,Qualification,full_time,False,Egypt,"Venue: Cairo, Egypt"
WorldCupQualifiers,2026,2025-09-05,Faroe Islands,Croatia,0,1,False,Qualification,Qualification,full_time,False,Croatia,"Venue: Tórshavn, Faroe Islands"
WorldCupQualifiers,2026,2025-09-05,Greece,Belarus,5,1,False,Qualification,Qualification,full_time,False,Greece,"Venue: Athens, Greece"
WorldCupQualifiers,2026,2025-09-05,Haiti,Honduras,0,0,True,Qualification,Qualification,full_time,False,,"Venue: Willemstad, Curaçao"
WorldCupQualifiers,2026,2025-09-05,Iceland,Azerbaijan,5,0,False,Qualification,Qualification,full_time,False,Iceland,"Venue: Reykjavík, Iceland"
WorldCupQualifiers,2026,2025-09-05,Italy,Estonia,5,0,False,Qualification,Qualification,full_time,False,Italy,"Venue: Bergamo, Italy"
WorldCupQualifiers,2026,2025-09-05,Ivory Coast,Burundi,1,0,False,Qualification,Qualification,full_time,False,Ivory Coast,"Venue: Abidjan, Ivory Coast"
WorldCupQualifiers,2026,2025-09-05,Kenya,Gambia,1,3,False,Qualification,Qualification,full_time,False,Gambia,"Venue: Nairobi, Kenya"
WorldCupQualifiers,2026,2025-09-05,Mauritania,Togo,2,0,False,Qualification,Qualification,full_time,False,Mauritania,"Venue: Nouadhibou, Mauritania"
WorldCupQualifiers,2026,2025-09-05,Moldova,Israel,0,4,False,Qualification,Qualification,full_time,False,Israel,"Venue: Chișinău, Moldova"
WorldCupQualifiers,2026,2025-09-05,Montenegro,Czechia,0,2,False,Qualification,Qualification,full_time,False,Czechia,"Venue: Podgorica, Montenegro"
WorldCupQualifiers,2026,2025-09-05,Morocco,Niger,5,0,False,Qualification,Qualification,full_time,False,Morocco,"Venue: Rabat, Morocco"
WorldCupQualifiers,2026,2025-09-05,Namibia,Malawi,1,2,True,Qualification,Qualification,full_time,False,Malawi,"Venue: Francistown, Botswana"
WorldCupQualifiers,2026,2025-09-05,Nicaragua,Costa Rica,1,1,False,Qualification,Qualification,full_time,False,,"Venue: Managua, Nicaragua"
WorldCupQualifiers,2026,2025-09-05,Senegal,Sudan,2,0,False,Qualification,Qualification,full_time,False,Senegal,"Venue: Diamniadio, Senegal"
WorldCupQualifiers,2026,2025-09-05,Slovenia,Sweden,2,2,False,Qualification,Qualification,full_time,False,,"Venue: Ljubljana, Slovenia"
WorldCupQualifiers,2026,2025-09-05,Somalia,Guinea,0,3,True,Qualification,Qualification,full_time,False,Guinea,"Venue: Kampala, Uganda"
WorldCupQualifiers,2026,2025-09-05,South Africa,Lesotho,3,0,False,Qualification,Qualification,full_time,False,South Africa,"Venue: Bloemfontein, South Africa"
WorldCupQualifiers,2026,2025-09-05,South Sudan,DR Congo,1,4,False,Qualification,Qualification,full_time,False,DR Congo,"Venue: Juba, South Sudan"
WorldCupQualifiers,2026,2025-09-05,Switzerland,Kosovo,4,0,False,Qualification,Qualification,full_time,False,Switzerland,"Venue: Basel, Switzerland"
WorldCupQualifiers,2026,2025-09-05,Trinidad and Tobago,Curaçao,0,0,False,Qualification,Qualification,full_time,False,,"Venue: Port of Spain, Trinidad and Tobago"
WorldCupQualifiers,2026,2025-09-05,Uganda,Mozambique,4,0,False,Qualification,Qualification,full_time,False,Uganda,"Venue: Kampala, Uganda"
WorldCupQualifiers,2026,2025-09-05,Ukraine,France,0,2,True,Qualification,Qualification,full_time,False,France,"Venue: Wrocław, Poland"
WorldCupQualifiers,2026,2025-09-06,Armenia,Portugal,0,5,False,Qualification,Qualification,full_time,False,Portugal,"Venue: Yerevan, Armenia"
WorldCupQualifiers,2026,2025-09-06,Austria,Cyprus,1,0,False,Qualification,Qualification,full_time,False,Austria,"Venue: Linz, Austria"
WorldCupQualifiers,2026,2025-09-06,England,Andorra,2,0,False,Qualification,Qualification,full_time,False,England,"Venue: London, England"
WorldCupQualifiers,2026,2025-09-06,Latvia,Serbia,0,1,False,Qualification,Qualification,full_time,False,Serbia,"Venue: Riga, Latvia"
WorldCupQualifiers,2026,2025-09-06,Nigeria,Rwanda,1,0,False,Qualification,Qualification,full_time,False,Nigeria,"Venue: Uyo, Nigeria"
WorldCupQualifiers,2026,2025-09-06,Republic of Ireland,Hungary,2,2,False,Qualification,Qualification,full_time,False,,"Venue: Dublin, Republic of Ireland"
WorldCupQualifiers,2026,2025-09-06,San Marino,Bosnia and Herzegovina,0,6,False,Qualification,Qualification,full_time,False,Bosnia and Herzegovina,"Venue: Serravalle, San Marino"
WorldCupQualifiers,2026,2025-09-07,Belgium,Kazakhstan,6,0,False,Qualification,Qualification,full_time,False,Belgium,"Venue: Anderlecht, Belgium"
WorldCupQualifiers,2026,2025-09-07,Central African Republic,Comoros,0,2,True,Qualification,Qualification,full_time,False,Comoros,"Venue: Meknes, Morocco"
WorldCupQualifiers,2026,2025-09-07,Georgia,Bulgaria,3,0,False,Qualification,Qualification,full_time,False,Georgia,"Venue: Tbilisi, Georgia"
WorldCupQualifiers,2026,2025-09-07,Germany,Northern Ireland,3,1,False,Qualification,Qualification,full_time,False,Germany,"Venue: Cologne, Germany"
WorldCupQualifiers,2026,2025-09-07,Lithuania,Netherlands,2,3,False,Qualification,Qualification,full_time,False,Netherlands,"Venue: Kaunas, Lithuania"
WorldCupQualifiers,2026,2025-09-07,Luxembourg,Slovakia,0,1,False,Qualification,Qualification,full_time,False,Slovakia,"Venue: Luxembourg, Luxembourg"
WorldCupQualifiers,2026,2025-09-07,North Macedonia,Liechtenstein,5,0,False,Qualification,Qualification,full_time,False,North Macedonia,"Venue: Skopje, North Macedonia"
WorldCupQualifiers,2026,2025-09-07,Poland,Finland,3,1,False,Qualification,Qualification,full_time,False,Poland,"Venue: Chorzów, Poland"
WorldCupQualifiers,2026,2025-09-07,Turkey,Spain,0,6,False,Qualification,Qualification,full_time,False,Spain,"Venue: Konya, Turkey"
WorldCupQualifiers,2026,2025-09-08,Belarus,Scotland,0,2,True,Qualification,Qualification,full_time,False,Scotland,"Venue: Zalaegerszeg, Hungary"
WorldCupQualifiers,2026,2025-09-08,Croatia,Montenegro,4,0,False,Qualification,Qualification,full_time,False,Croatia,"Venue: Zagreb, Croatia"
WorldCupQualifiers,2026,2025-09-08,El Salvador,Suriname,1,2,False,Qualification,Qualification,full_time,False,Suriname,"Venue: San Salvador, El Salvador"
WorldCupQualifiers,2026,2025-09-08,Equatorial Guinea,Tunisia,0,1,False,Qualification,Qualification,full_time,False,Tunisia,"Venue: Malabo, Equatorial Guinea"
WorldCupQualifiers,2026,2025-09-08,Ghana,Mali,1,0,False,Qualification,Qualification,full_time,False,Ghana,"Venue: Accra, Ghana"
WorldCupQualifiers,2026,2025-09-08,Gibraltar,Faroe Islands,0,1,False,Qualification,Qualification,full_time,False,Faroe Islands,"Venue: Gibraltar, Gibraltar"
WorldCupQualifiers,2026,2025-09-08,Greece,Denmark,0,3,False,Qualification,Qualification,full_time,False,Denmark,"Venue: Athens, Greece"
WorldCupQualifiers,2026,2025-09-08,Guinea,Algeria,0,0,True,Qualification,Qualification,full_time,False,,"Venue: Casablanca, Morocco"
WorldCupQualifiers,2026,2025-09-08,Guinea-Bissau,Djibouti,2,0,False,Qualification,Qualification,full_time,False,Guinea-Bissau,"Venue: Bissau, Guinea-Bissau"
WorldCupQualifiers,2026,2025-09-08,Israel,Italy,4,5,True,Qualification,Qualification,full_time,False,Italy,"Venue: Debrecen, Hungary"
WorldCupQualifiers,2026,2025-09-08,Kosovo,Sweden,2,0,False,Qualification,Qualification,full_time,False,Kosovo,"Venue: Pristina, Kosovo"
WorldCupQualifiers,2026,2025-09-08,Libya,Eswatini,2,0,False,Qualification,Qualification,full_time,False,Libya,"Venue: Benghazi, Libya"
WorldCupQualifiers,2026,2025-09-08,Madagascar,Chad,3,1,True,Qualification,Qualification,full_time,False,Madagascar,"Venue: Casablanca, Morocco"
WorldCupQualifiers,2026,2025-09-08,Malawi,Liberia,2,2,False,Qualification,Qualification,full_time,False,,"Venue: Lilongwe, Malawi"
WorldCupQualifiers,2026,2025-09-08,Mozambique,Botswana,2,0,False,Qualification,Qualification,full_time,False,Mozambique,"Venue: Maputo, Mozambique"
WorldCupQualifiers,2026,2025-09-08,Panama,Guatemala,1,1,False,Qualification,Qualification,full_time,False,,"Venue: Panama City, Panama"
WorldCupQualifiers,2026,2025-09-08,Switzerland,Slovenia,3,0,False,Qualification,Qualification,full_time,False,Switzerland,"Venue: Basel, Switzerland"
WorldCupQualifiers,2026,2025-09-08,Uganda,Somalia,2,0,False,Qualification,Qualification,full_time,False,Uganda,"Venue: Kampala, Uganda"
WorldCupQualifiers,2026,2025-09-08,Zambia,Morocco,0,2,False,Qualification,Qualification,full_time,False,Morocco,"Venue: Ndola, Zambia"
WorldCupQualifiers,2026,2025-09-09,Albania,Latvia,1,0,False,Qualification,Qualification,full_time,False,Albania,"Venue: Tirana, Albania"
WorldCupQualifiers,2026,2025-09-09,Angola,Mauritius,3,1,False,Qualification,Qualification,full_time,False,Angola,"Venue: Luanda, Angola"
WorldCupQualifiers,2026,2025-09-09,Armenia,Republic of Ireland,2,1,False,Qualification,Qualification,full_time,False,Armenia,"Venue: Yerevan, Armenia"
WorldCupQualifiers,2026,2025-09-09,Azerbaijan,Ukraine,1,1,False,Qualification,Qualification,full_time,False,,"Venue: Baku, Azerbaijan"
WorldCupQualifiers,2026,2025-09-09,Benin,Lesotho,4,0,True,Qualification,Qualification,full_time,False,Benin,"Venue: Abidjan, Ivory Coast"
WorldCupQualifiers,2026,2025-09-09,Bolivia,Brazil,1,0,False,Qualification,Qualification,full_time,False,Bolivia,"Venue: El Alto, Bolivia"
WorldCupQualifiers,2026,2025-09-09,Bosnia and Herzegovina,Austria,1,2,False,Qualification,Qualification,full_time,False,Austria,"Venue: Zenica, Bosnia and Herzegovina"
WorldCupQualifiers,2026,2025-09-09,Burkina Faso,Egypt,0,0,False,Qualification,Qualification,full_time,False,,"Venue: Ouagadougou, Burkina Faso"
WorldCupQualifiers,2026,2025-09-09,Cabo Verde,Cameroon,1,0,False,Qualification,Qualification,full_time,False,Cabo Verde,"Venue: Praia, Cape Verde"
WorldCupQualifiers,2026,2025-09-09,Chile,Uruguay,0,0,False,Qualification,Qualification,full_time,False,,"Venue: Santiago, Chile"
WorldCupQualifiers,2026,2025-09-09,Costa Rica,Haiti,3,3,False,Qualification,Qualification,full_time,False,,"Venue: San José, Costa Rica"
WorldCupQualifiers,2026,2025-09-09,Curaçao,Bermuda,3,2,False,Qualification,Qualification,full_time,False,Curaçao,"Venue: Willemstad, Curaçao"
WorldCupQualifiers,2026,2025-09-09,Cyprus,Romania,2,2,False,Qualification,Qualification,full_time,False,,"Venue: Nicosia, Cyprus"
WorldCupQualifiers,2026,2025-09-09,DR Congo,Senegal,2,3,False,Qualification,Qualification,full_time,False,Senegal,"Venue: Kinshasa, DR Congo"
WorldCupQualifiers,2026,2025-09-09,Ecuador,Argentina,1,0,False,Qualification,Qualification,full_time,False,Ecuador,"Venue: Guayaquil, Ecuador"
WorldCupQualifiers,2026,2025-09-09,France,Iceland,2,1,False,Qualification,Qualification,full_time,False,France,"Venue: Paris, France"
WorldCupQualifiers,2026,2025-09-09,Gabon,Ivory Coast,0,0,False,Qualification,Qualification,full_time,False,,"Venue: Franceville, Gabon"
WorldCupQualifiers,2026,2025-09-09,Gambia,Burundi,2,0,True,Qualification,Qualification,full_time,False,Gambia,"Venue: Nairobi, Kenya"
WorldCupQualifiers,2026,2025-09-09,Honduras,Nicaragua,2,0,False,Qualification,Qualification,full_time,False,Honduras,"Venue: Tegucigalpa, Honduras"
WorldCupQualifiers,2026,2025-09-09,Hungary,Portugal,2,3,False,Qualification,Qualification,full_time,False,Portugal,"Venue: Budapest, Hungary"
WorldCupQualifiers,2026,2025-09-09,Jamaica,Trinidad and Tobago,2,0,False,Qualification,Qualification,full_time,False,Jamaica,"Venue: Kingston, Jamaica"
WorldCupQualifiers,2026,2025-09-09,Kenya,Seychelles,5,0,False,Qualification,Qualification,full_time,False,Kenya,"Venue: Nairobi, Kenya"
WorldCupQualifiers,2026,2025-09-09,Mauritania,South Sudan,0,0,False,Qualification,Qualification,full_time,False,,"Venue: Nouadhibou, Mauritania"
WorldCupQualifiers,2026,2025-09-09,Namibia,São Tomé and Príncipe,3,0,True,Qualification,Qualification,full_time,False,Namibia,"Venue: Francistown, Botswana"
WorldCupQualifiers,2026,2025-09-09,Norway,Moldova,11,1,False,Qualification,Qualification,full_time,False,Norway,"Venue: Oslo, Norway"
WorldCupQualifiers,2026,2025-09-09,Peru,Paraguay,0,1,False,Qualification,Qualification,full_time,False,Paraguay,"Venue: Lima, Peru"
WorldCupQualifiers,2026,2025-09-09,Serbia,England,0,5,False,Qualification,Qualification,full_time,False,England,"Venue: Belgrade, Serbia"
WorldCupQualifiers,2026,2025-09-09,Sierra Leone,Ethiopia,2,0,True,Qualification,Qualification,full_time,False,Sierra Leone,"Venue: Monrovia, Liberia"
WorldCupQualifiers,2026,2025-09-09,South Africa,Nigeria,1,1,False,Qualification,Qualification,full_time,False,,"Venue: Bloemfontein, South Africa"
WorldCupQualifiers,2026,2025-09-09,Tanzania,Niger,0,1,False,Qualification,Qualification,full_time,False,Niger,"Venue: Unguja, Tanzania"
WorldCupQualifiers,2026,2025-09-09,Togo,Sudan,1,0,False,Qualification,Qualification,full_time,False,Togo,"Venue: Lomé, Togo"
WorldCupQualifiers,2026,2025-09-09,Venezuela,Colombia,3,6,False,Qualification,Qualification,full_time,False,Colombia,"Venue: Maturín, Venezuela"
WorldCupQualifiers,2026,2025-09-09,Zimbabwe,Rwanda,0,1,True,Qualification,Qualification,full_time,False,Rwanda,"Venue: Johannesburg, South Africa"
WorldCupQualifiers,2026,2025-10-08,Central African Republic,Ghana,0,5,True,Qualification,Qualification,full_time,False,Ghana,"Venue: El Jadida, Morocco"
WorldCupQualifiers,2026,2025-10-08,Chad,Mali,0,2,False,Qualification,Qualification,full_time,False,Mali,"Venue: N'Djamena, Chad"
WorldCupQualifiers,2026,2025-10-08,Comoros,Madagascar,1,2,True,Qualification,Qualification,full_time,False,Madagascar,"Venue: Abidjan, Ivory Coast"
WorldCupQualifiers,2026,2025-10-08,Djibouti,Egypt,0,3,True,Qualification,Qualification,full_time,False,Egypt,"Venue: Casablanca, Morocco"
WorldCupQualifiers,2026,2025-10-08,Eswatini,Angola,2,2,False,Qualification,Qualification,full_time,False,,"Venue: Lobamba, Eswatini"
WorldCupQualifiers,2026,2025-10-08,Ethiopia,Guinea-Bissau,1,0,True,Qualification,Qualification,full_time,False,Ethiopia,"Venue: Kigali, Rwanda"
WorldCupQualifiers,2026,2025-10-08,Libya,Cabo Verde,3,3,False,Qualification,Qualification,full_time,False,,"Venue: Tripoli, Libya"
WorldCupQualifiers,2026,2025-10-08,Mauritius,Cameroon,0,2,False,Qualification,Qualification,full_time,False,Cameroon,"Venue: Saint Pierre, Mauritius"
WorldCupQualifiers,2026,2025-10-08,Niger,Congo,3,1,True,Qualification,Qualification,full_time,False,Niger,"Venue: Ouagadougou, Burkina Faso"
WorldCupQualifiers,2026,2025-10-08,Qatar,Oman,0,0,False,Qualification,Qualification,full_time,False,,"Venue: Al Rayyan, Qatar"
WorldCupQualifiers,2026,2025-10-08,Saudi Arabia,Indonesia,3,2,False,Qualification,Qualification,full_time,False,Saudi Arabia,"Venue: Jeddah, Saudi Arabia"
WorldCupQualifiers,2026,2025-10-08,Sierra Leone,Burkina Faso,0,1,True,Qualification,Qualification,full_time,False,Burkina Faso,"Venue: Monrovia, Liberia"
WorldCupQualifiers,2026,2025-10-08,Tanzania,Zambia,0,1,False,Qualification,Qualification,full_time,False,Zambia,"Venue: Unguja, Tanzania"
WorldCupQualifiers,2026,2025-10-09,Algeria,Somalia,3,0,False,Qualification,Qualification,full_time,False,Algeria,"Venue: Bir El Djir, Algeria"
WorldCupQualifiers,2026,2025-10-09,Austria,San Marino,10,0,False,Qualification,Qualification,full_time,False,Austria,"Venue: Vienna, Austria"
WorldCupQualifiers,2026,2025-10-09,Belarus,Denmark,0,6,True,Qualification,Qualification,full_time,False,Denmark,"Venue: Zalaegerszeg, Hungary"
WorldCupQualifiers,2026,2025-10-09,Botswana,Uganda,0,1,False,Qualification,Qualification,full_time,False,Uganda,"Venue: Francistown, Botswana"
WorldCupQualifiers,2026,2025-10-09,Burundi,Kenya,0,1,False,Qualification,Qualification,full_time,False,Kenya,"Venue: Bujumbura, Burundi"
WorldCupQualifiers,2026,2025-10-09,Cyprus,Bosnia and Herzegovina,2,2,False,Qualification,Qualification,full_time,False,,"Venue: Larnaca, Cyprus"
WorldCupQualifiers,2026,2025-10-09,Czechia,Croatia,0,0,False,Qualification,Qualification,full_time,False,,"Venue: Prague, Czech Republic"
WorldCupQualifiers,2026,2025-10-09,Faroe Islands,Montenegro,4,0,False,Qualification,Qualification,full_time,False,Faroe Islands,"Venue: Tórshavn, Faroe Islands"
WorldCupQualifiers,2026,2025-10-09,Finland,Lithuania,2,1,False,Qualification,Qualification,full_time,False,Finland,"Venue: Helsinki, Finland"
WorldCupQualifiers,2026,2025-10-09,Honduras,Costa Rica,0,0,False,Qualification,Qualification,full_time,False,,"Venue: San Pedro Sula, Honduras"
WorldCupQualifiers,2026,2025-10-09,Liberia,Namibia,3,1,False,Qualification,Qualification,full_time,False,Liberia,"Venue: Monrovia, Liberia"
WorldCupQualifiers,2026,2025-10-09,Malawi,Equatorial Guinea,3,0,False,Qualification,Qualification,full_time,False,Malawi,"Venue: Lilongwe, Malawi"
WorldCupQualifiers,2026,2025-10-09,Malta,Netherlands,0,4,False,Qualification,Qualification,full_time,False,Netherlands,"Venue: Ta' Qali, Malta"
WorldCupQualifiers,2026,2025-10-09,Mozambique,Guinea,1,2,False,Qualification,Qualification,full_time,False,Guinea,"Venue: Maputo, Mozambique"
WorldCupQualifiers,2026,2025-10-09,Nicaragua,Haiti,0,3,False,Qualification,Qualification,full_time,False,Haiti,"Venue: Managua, Nicaragua"
WorldCupQualifiers,2026,2025-10-09,Scotland,Greece,3,1,False,Qualification,Qualification,full_time,False,Scotland,"Venue: Glasgow, Scotland"
WorldCupQualifiers,2026,2025-10-10,Belgium,North Macedonia,0,0,False,Qualification,Qualification,full_time,False,,"Venue: Gent, Belgium"
WorldCupQualifiers,2026,2025-10-10,Bermuda,Trinidad and Tobago,0,3,False,Qualification,Qualification,full_time,False,Trinidad and Tobago,"Venue: Devonshire Parish, Bermuda"
WorldCupQualifiers,2026,2025-10-10,Curaçao,Jamaica,2,0,False,Qualification,Qualification,full_time,False,Curaçao,"Venue: Willemstad, Curaçao"
WorldCupQualifiers,2026,2025-10-10,El Salvador,Panama,0,1,False,Qualification,Qualification,full_time,False,Panama,"Venue: San Salvador, El Salvador"
WorldCupQualifiers,2026,2025-10-10,France,Azerbaijan,3,0,False,Qualification,Qualification,full_time,False,France,"Venue: Paris, France"
WorldCupQualifiers,2026,2025-10-10,Gambia,Gabon,3,4,True,Qualification,Qualification,full_time,False,Gabon,"Venue: Nairobi, Kenya"
WorldCupQualifiers,2026,2025-10-10,Germany,Luxembourg,4,0,False,Qualification,Qualification,full_time,False,Germany,"Venue: Sinsheim, Germany"
WorldCupQualifiers,2026,2025-10-10,Iceland,Ukraine,3,5,False,Qualification,Qualification,full_time,False,Ukraine,"Venue: Reykjavík, Iceland"
WorldCupQualifiers,2026,2025-10-10,Kazakhstan,Liechtenstein,4,0,False,Qualification,Qualification,full_time,False,Kazakhstan,"Venue: Astana, Kazakhstan"
WorldCupQualifiers,2026,2025-10-10,Kosovo,Slovenia,0,0,False,Qualification,Qualification,full_time,False,,"Venue: Pristina, Kosovo"
WorldCupQualifiers,2026,2025-10-10,Lesotho,Nigeria,1,2,True,Qualification,Qualification,full_time,False,Nigeria,"Venue: Polokwane, South Africa"
WorldCupQualifiers,2026,2025-10-10,Northern Ireland,Slovakia,2,0,False,Qualification,Qualification,full_time,False,Northern Ireland,"Venue: Belfast, Northern Ireland"
WorldCupQualifiers,2026,2025-10-10,Rwanda,Benin,0,1,False,Qualification,Qualification,full_time,False,Benin,"Venue: Kigali, Rwanda"
WorldCupQualifiers,2026,2025-10-10,Seychelles,Ivory Coast,0,7,True,Qualification,Qualification,full_time,False,Ivory Coast,"Venue: Saint Pierre, Mauritius"
WorldCupQualifiers,2026,2025-10-10,South Africa,Zimbabwe,0,0,False,Qualification,Qualification,full_time,False,,"Venue: Durban, South Africa"
WorldCupQualifiers,2026,2025-10-10,South Sudan,Senegal,0,5,False,Qualification,Qualification,full_time,False,Senegal,"Venue: Juba, South Sudan"
WorldCupQualifiers,2026,2025-10-10,Sudan,Mauritania,0,0,True,Qualification,Qualification,full_time,False,,"Venue: Dar es Salaam, Tanzania"
WorldCupQualifiers,2026,2025-10-10,Suriname,Guatemala,1,1,False,Qualification,Qualification,full_time,False,,"Venue: Paramaribo, Suriname"
WorldCupQualifiers,2026,2025-10-10,Sweden,Switzerland,0,2,False,Qualification,Qualification,full_time,False,Switzerland,"Venue: Solna, Sweden"
WorldCupQualifiers,2026,2025-10-10,Togo,DR Congo,0,1,False,Qualification,Qualification,full_time,False,DR Congo,"Venue: Lomé, Togo"
WorldCupQualifiers,2026,2025-10-10,Tunisia,São Tomé and Príncipe,6,0,False,Qualification,Qualification,full_time,False,Tunisia,"Venue: Radès, Tunisia"
WorldCupQualifiers,2026,2025-10-11,Bulgaria,Turkey,1,6,False,Qualification,Qualification,full_time,False,Turkey,"Venue: Sofia, Bulgaria"
WorldCupQualifiers,2026,2025-10-11,Estonia,Italy,1,3,False,Qualification,Qualification,full_time,False,Italy,"Venue: Tallinn, Estonia"
WorldCupQualifiers,2026,2025-10-11,Hungary,Armenia,2,0,False,Qualification,Qualification,full_time,False,Hungary,"Venue: Budapest, Hungary"
WorldCupQualifiers,2026,2025-10-11,Iraq,Indonesia,1,0,True,Qualification,Qualification,full_time,False,Iraq,"Venue: Jeddah, Saudi Arabia"
WorldCupQualifiers,2026,2025-10-11,Latvia,Andorra,2,2,False,Qualification,Qualification,full_time,False,,"Venue: Riga, Latvia"
WorldCupQualifiers,2026,2025-10-11,Norway,Israel,5,0,False,Qualification,Qualification,full_time,False,Norway,"Venue: Oslo, Norway"
WorldCupQualifiers,2026,2025-10-11,Portugal,Republic of Ireland,1,0,False,Qualification,Qualification,full_time,False,Portugal,"Venue: Lisbon, Portugal"
WorldCupQualifiers,2026,2025-10-11,Serbia,Albania,0,1,False,Qualification,Qualification,full_time,False,Albania,"Venue: Leskovac, Serbia"
WorldCupQualifiers,2026,2025-10-11,Spain,Georgia,2,0,False,Qualification,Qualification,full_time,False,Spain,"Venue: Elche, Spain"
WorldCupQualifiers,2026,2025-10-11,United Arab Emirates,Oman,2,1,True,Qualification,Qualification,full_time,False,United Arab Emirates,"Venue: Al Rayyan, Qatar"
WorldCupQualifiers,2026,2025-10-12,Burkina Faso,Ethiopia,3,1,False,Qualification,Qualification,full_time,False,Burkina Faso,"Venue: Ouagadougou, Burkina Faso"
WorldCupQualifiers,2026,2025-10-12,Chad,Central African Republic,2,3,False,Qualification,Qualification,full_time,False,Central African Republic,"Venue: N'Djamena, Chad"
WorldCupQualifiers,2026,2025-10-12,Croatia,Gibraltar,3,0,False,Qualification,Qualification,full_time,False,Croatia,"Venue: Varaždin, Croatia"
WorldCupQualifiers,2026,2025-10-12,Denmark,Greece,3,1,False,Qualification,Qualification,full_time,False,Denmark,"Venue: Copenhagen, Denmark"
WorldCupQualifiers,2026,2025-10-12,Djibouti,Sierra Leone,1,2,True,Qualification,Qualification,full_time,False,Sierra Leone,"Venue: Casablanca, Morocco"
WorldCupQualifiers,2026,2025-10-12,Egypt,Guinea-Bissau,1,0,False,Qualification,Qualification,full_time,False,Egypt,"Venue: Cairo, Egypt"
WorldCupQualifiers,2026,2025-10-12,Faroe Islands,Czechia,2,1,False,Qualification,Qualification,full_time,False,Faroe Islands,"Venue: Tórshavn, Faroe Islands"
WorldCupQualifiers,2026,2025-10-12,Ghana,Comoros,1,0,False,Qualification,Qualification,full_time,False,Ghana,"Venue: Accra, Ghana"
WorldCupQualifiers,2026,2025-10-12,Lithuania,Poland,0,2,False,Qualification,Qualification,full_time,False,Poland,"Venue: Kaunas, Lithuania"
WorldCupQualifiers,2026,2025-10-12,Mali,Madagascar,4,1,False,Qualification,Qualification,full_time,False,Mali,"Venue: Bamako, Mali"
WorldCupQualifiers,2026,2025-10-12,Netherlands,Finland,4,0,False,Qualification,Qualification,full_time,False,Netherlands,"Venue: Amsterdam, Netherlands"
WorldCupQualifiers,2026,2025-10-12,Romania,Austria,1,0,False,Qualification,Qualification,full_time,False,Romania,"Venue: Bucharest, Romania"
WorldCupQualifiers,2026,2025-10-12,San Marino,Cyprus,0,4,False,Qualification,Qualification,full_time,False,Cyprus,"Venue: Serravalle, San Marino"
WorldCupQualifiers,2026,2025-10-12,Scotland,Belarus,2,1,False,Qualification,Qualification,full_time,False,Scotland,"Venue: Glasgow, Scotland"
WorldCupQualifiers,2026,2025-10-12,Zambia,Niger,0,1,False,Qualification,Qualification,full_time,False,Niger,"Venue: Ndola, Zambia"
WorldCupQualifiers,2026,2025-10-13,Cameroon,Angola,0,0,False,Qualification,Qualification,full_time,False,,"Venue: Yaoundé, Cameroon"
WorldCupQualifiers,2026,2025-10-13,Cabo Verde,Eswatini,3,0,False,Qualification,Qualification,full_time,False,Cabo Verde,"Venue: Praia, Cape Verde"
WorldCupQualifiers,2026,2025-10-13,Costa Rica,Nicaragua,4,1,False,Qualification,Qualification,full_time,False,Costa Rica,"Venue: San José, Costa Rica"
WorldCupQualifiers,2026,2025-10-13,Equatorial Guinea,Liberia,1,1,False,Qualification,Qualification,full_time,False,,"Venue: Malabo, Equatorial Guinea"
WorldCupQualifiers,2026,2025-10-13,Honduras,Haiti,3,0,False,Qualification,Qualification,full_time,False,Honduras,"Venue: Tegucigalpa, Honduras"
WorldCupQualifiers,2026,2025-10-13,Iceland,France,2,2,False,Qualification,Qualification,full_time,False,,"Venue: Reykjavík, Iceland"
WorldCupQualifiers,2026,2025-10-13,Lesotho,Zimbabwe,1,0,True,Qualification,Qualification,full_time,False,Lesotho,"Venue: Polokwane, South Africa"
WorldCupQualifiers,2026,2025-10-13,Mauritius,Libya,0,0,False,Qualification,Qualification,full_time,False,,"Venue: Saint Pierre, Mauritius"
WorldCupQualifiers,2026,2025-10-13,North Macedonia,Kazakhstan,1,1,False,Qualification,Qualification,full_time,False,,"Venue: Skopje, North Macedonia"
WorldCupQualifiers,2026,2025-10-13,Northern Ireland,Germany,0,1,False,Qualification,Qualification,full_time,False,Germany,"Venue: Belfast, Northern Ireland"
WorldCupQualifiers,2026,2025-10-13,Slovakia,Luxembourg,2,0,False,Qualification,Qualification,full_time,False,Slovakia,"Venue: Trnava, Slovakia"
WorldCupQualifiers,2026,2025-10-13,Slovenia,Switzerland,0,0,False,Qualification,Qualification,full_time,False,,"Venue: Ljubljana, Slovenia"
WorldCupQualifiers,2026,2025-10-13,South Sudan,Togo,0,0,False,Qualification,Qualification,full_time,False,,"Venue: Juba, South Sudan"
WorldCupQualifiers,2026,2025-10-13,Sweden,Kosovo,0,1,False,Qualification,Qualification,full_time,False,Kosovo,"Venue: Gothenburg, Sweden"
WorldCupQualifiers,2026,2025-10-13,São Tomé and Príncipe,Malawi,1,0,True,Qualification,Qualification,full_time,False,São Tomé and Príncipe,"Venue: Sousse, Tunisia"
WorldCupQualifiers,2026,2025-10-13,Tunisia,Namibia,3,0,False,Qualification,Qualification,full_time,False,Tunisia,"Venue: Radès, Tunisia"
WorldCupQualifiers,2026,2025-10-13,Ukraine,Azerbaijan,2,1,True,Qualification,Qualification,full_time,False,Ukraine,"Venue: Kraków, Poland"
WorldCupQualifiers,2026,2025-10-13,Wales,Belgium,2,4,False,Qualification,Qualification,full_time,False,Belgium,"Venue: Cardiff, Wales"
WorldCupQualifiers,2026,2025-10-14,Algeria,Uganda,2,1,False,Qualification,Qualification,full_time,False,Algeria,"Venue: Tizi Ouzou, Algeria"
WorldCupQualifiers,2026,2025-10-14,Andorra,Serbia,1,3,False,Qualification,Qualification,full_time,False,Serbia,"Venue: Encamp, Andorra"
WorldCupQualifiers,2026,2025-10-14,Curaçao,Trinidad and Tobago,1,1,False,Qualification,Qualification,full_time,False,,"Venue: Willemstad, Curaçao"
WorldCupQualifiers,2026,2025-10-14,DR Congo,Sudan,1,0,False,Qualification,Qualification,full_time,False,DR Congo,"Venue: Kinshasa, DR Congo"
WorldCupQualifiers,2026,2025-10-14,El Salvador,Guatemala,0,1,False,Qualification,Qualification,full_time,False,Guatemala,"Venue: San Salvador, El Salvador"
WorldCupQualifiers,2026,2025-10-14,Estonia,Moldova,1,1,False,Qualification,Qualification,full_time,False,,"Venue: Tallinn, Estonia"
WorldCupQualifiers,2026,2025-10-14,Gabon,Burundi,2,0,False,Qualification,Qualification,full_time,False,Gabon,"Venue: Franceville, Gabon"
WorldCupQualifiers,2026,2025-10-14,Guinea,Botswana,2,2,True,Qualification,Qualification,full_time,False,,"Venue: Casablanca, Morocco"
WorldCupQualifiers,2026,2025-10-14,Italy,Israel,3,0,False,Qualification,Qualification,full_time,False,Italy,"Venue: Udine, Italy"
WorldCupQualifiers,2026,2025-10-14,Ivory Coast,Kenya,3,0,False,Qualification,Qualification,full_time,False,Ivory Coast,"Venue: Ebimpé, Ivory Coast"
WorldCupQualifiers,2026,2025-10-14,Jamaica,Bermuda,4,0,False,Qualification,Qualification,full_time,False,Jamaica,"Venue: Kingston, Jamaica"
WorldCupQualifiers,2026,2025-10-14,Latvia,England,0,5,False,Qualification,Qualification,full_time,False,England,"Venue: Riga, Latvia"
WorldCupQualifiers,2026,2025-10-14,Morocco,Congo,1,0,False,Qualification,Qualification,full_time,False,Morocco,"Venue: Rabat, Morocco"
WorldCupQualifiers,2026,2025-10-14,Nigeria,Benin,4,0,False,Qualification,Qualification,full_time,False,Nigeria,"Venue: Uyo, Nigeria"
WorldCupQualifiers,2026,2025-10-14,Panama,Suriname,1,1,False,Qualification,Qualification,full_time,False,,"Venue: Panama City, Panama"
WorldCupQualifiers,2026,2025-10-14,Portugal,Hungary,2,2,False,Qualification,Qualification,full_time,False,,"Venue: Lisbon, Portugal"
WorldCupQualifiers,2026,2025-10-14,Qatar,United Arab Emirates,2,1,False,Qualification,Qualification,full_time,False,Qatar,"Venue: Al Rayyan, Qatar"
WorldCupQualifiers,2026,2025-10-14,Republic of Ireland,Armenia,1,0,False,Qualification,Qualification,full_time,False,Republic of Ireland,"Venue: Dublin, Republic of Ireland"
WorldCupQualifiers,2026,2025-10-14,Saudi Arabia,Iraq,0,0,False,Qualification,Qualification,full_time,False,,"Venue: Jeddah, Saudi Arabia"
WorldCupQualifiers,2026,2025-10-14,Senegal,Mauritania,4,0,False,Qualification,Qualification,full_time,False,Senegal,"Venue: Diamniadio, Senegal"
WorldCupQualifiers,2026,2025-10-14,Seychelles,Gambia,0,7,True,Qualification,Qualification,full_time,False,Gambia,"Venue: Saint Pierre, Mauritius"
WorldCupQualifiers,2026,2025-10-14,Somalia,Mozambique,0,1,True,Qualification,Qualification,full_time,False,Mozambique,"Venue: Bir El Djir, Algeria"
WorldCupQualifiers,2026,2025-10-14,South Africa,Rwanda,3,0,False,Qualification,Qualification,full_time,False,South Africa,"Venue: Mbombela, South Africa"
WorldCupQualifiers,2026,2025-10-14,Spain,Bulgaria,4,0,False,Qualification,Qualification,full_time,False,Spain,"Venue: Valladolid, Spain"
WorldCupQualifiers,2026,2025-10-14,Turkey,Georgia,4,1,False,Qualification,Qualification,full_time,False,Turkey,"Venue: Izmit, Turkey"
WorldCupQualifiers,2026,2025-11-13,Andorra,Albania,0,1,False,Qualification,Qualification,full_time,False,Albania,"Venue: Encamp, Andorra"
WorldCupQualifiers,2026,2025-11-13,Armenia,Hungary,0,1,False,Qualification,Qualification,full_time,False,Hungary,"Venue: Yerevan, Armenia"
WorldCupQualifiers,2026,2025-11-13,Azerbaijan,Iceland,0,2,False,Qualification,Qualification,full_time,False,Iceland,"Venue: Baku, Azerbaijan"
WorldCupQualifiers,2026,2025-11-13,Bermuda,Curaçao,0,7,False,Qualification,Qualification,full_time,False,Curaçao,"Venue: Devonshire Parish, Bermuda"
WorldCupQualifiers,2026,2025-11-13,Cameroon,DR Congo,0,1,True,Qualification,Qualification,full_time,False,DR Congo,"Venue: Rabat, Morocco"
WorldCupQualifiers,2026,2025-11-13,England,Serbia,2,0,False,Qualification,Qualification,full_time,False,England,"Venue: London, England"
WorldCupQualifiers,2026,2025-11-13,France,Ukraine,4,0,False,Qualification,Qualification,full_time,False,France,"Venue: Paris, France"
WorldCupQualifiers,2026,2025-11-13,Guatemala,Panama,2,3,False,Qualification,Qualification,full_time,False,Panama,"Venue: Guatemala City, Guatemala"
WorldCupQualifiers,2026,2025-11-13,Haiti,Costa Rica,1,0,True,Qualification,Qualification,full_time,False,Haiti,"Venue: Willemstad, Curaçao"
WorldCupQualifiers,2026,2025-11-13,Moldova,Italy,0,2,False,Qualification,Qualification,full_time,False,Italy,"Venue: Chișinău, Moldova"
WorldCupQualifiers,2026,2025-11-13,Nicaragua,Honduras,2,0,False,Qualification,Qualification,full_time,False,Nicaragua,"Venue: Managua, Nicaragua"
WorldCupQualifiers,2026,2025-11-13,Nigeria,Gabon,4,1,True,Qualification,Qualification,after_extra_time,False,Nigeria,"Venue: Rabat, Morocco"
WorldCupQualifiers,2026,2025-11-13,Norway,Estonia,4,1,False,Qualification,Qualification,full_time,False,Norway,"Venue: Oslo, Norway"
WorldCupQualifiers,2026,2025-11-13,Republic of Ireland,Portugal,2,0,False,Qualification,Qualification,full_time,False,Republic of Ireland,"Venue: Dublin, Republic of Ireland"
WorldCupQualifiers,2026,2025-11-13,Suriname,El Salvador,4,0,False,Qualification,Qualification,full_time,False,Suriname,"Venue: Paramaribo, Suriname"
WorldCupQualifiers,2026,2025-11-13,Trinidad and Tobago,Jamaica,1,1,False,Qualification,Qualification,full_time,False,,"Venue: Port of Spain, Trinidad and Tobago"
WorldCupQualifiers,2026,2025-11-13,United Arab Emirates,Iraq,1,1,False,Qualification,Qualification,full_time,False,,"Venue: Abu Dhabi, United Arab Emirates"
WorldCupQualifiers,2026,2025-11-14,Croatia,Faroe Islands,3,1,False,Qualification,Qualification,full_time,False,Croatia,"Venue: Rijeka, Croatia"
WorldCupQualifiers,2026,2025-11-14,Finland,Malta,0,1,False,Qualification,Qualification,full_time,False,Malta,"Venue: Helsinki, Finland"
WorldCupQualifiers,2026,2025-11-14,Gibraltar,Montenegro,1,2,False,Qualification,Qualification,full_time,False,Montenegro,"Venue: Gibraltar, Gibraltar"
WorldCupQualifiers,2026,2025-11-14,Luxembourg,Germany,0,2,False,Qualification,Qualification,full_time,False,Germany,"Venue: Luxembourg, Luxembourg"
WorldCupQualifiers,2026,2025-11-14,Poland,Netherlands,1,1,False,Qualification,Qualification,full_time,False,,"Venue: Warsaw, Poland"
WorldCupQualifiers,2026,2025-11-14,Slovakia,Northern Ireland,1,0,False,Qualification,Qualification,full_time,False,Slovakia,"Venue: Košice, Slovakia"
WorldCupQualifiers,2026,2025-11-15,Bosnia and Herzegovina,Romania,3,1,False,Qualification,Qualification,full_time,False,Bosnia and Herzegovina,"Venue: Zenica, Bosnia and Herzegovina"
WorldCupQualifiers,2026,2025-11-15,Cyprus,Austria,0,2,False,Qualification,Qualification,full_time,False,Austria,"Venue: Limassol, Cyprus"
WorldCupQualifiers,2026,2025-11-15,Denmark,Belarus,2,2,False,Qualification,Qualification,full_time,False,,"Venue: Copenhagen, Denmark"
WorldCupQualifiers,2026,2025-11-15,Georgia,Spain,0,4,False,Qualification,Qualification,full_time,False,Spain,"Venue: Tbilisi, Georgia"
WorldCupQualifiers,2026,2025-11-15,Greece,Scotland,3,2,False,Qualification,Qualification,full_time,False,Greece,"Venue: Piraeus, Greece"
WorldCupQualifiers,2026,2025-11-15,Kazakhstan,Belgium,1,1,False,Qualification,Qualification,full_time,False,,"Venue: Astana, Kazakhstan"
WorldCupQualifiers,2026,2025-11-15,Liechtenstein,Wales,0,1,False,Qualification,Qualification,full_time,False,Wales,"Venue: Vaduz, Liechtenstein"
WorldCupQualifiers,2026,2025-11-15,Slovenia,Kosovo,0,2,False,Qualification,Qualification,full_time,False,Kosovo,"Venue: Ljubljana, Slovenia"
WorldCupQualifiers,2026,2025-11-15,Switzerland,Sweden,4,1,False,Qualification,Qualification,full_time,False,Switzerland,"Venue: Geneva, Switzerland"
WorldCupQualifiers,2026,2025-11-15,Turkey,Bulgaria,2,0,False,Qualification,Qualification,full_time,False,Turkey,"Venue: Bursa, Turkey"
WorldCupQualifiers,2026,2025-11-16,Albania,England,0,2,False,Qualification,Qualification,full_time,False,England,"Venue: Tirana, Albania"
WorldCupQualifiers,2026,2025-11-16,Azerbaijan,France,1,3,False,Qualification,Qualification,full_time,False,France,"Venue: Baku, Azerbaijan"
WorldCupQualifiers,2026,2025-11-16,Hungary,Republic of Ireland,2,3,False,Qualification,Qualification,full_time,False,Republic of Ireland,"Venue: Budapest, Hungary"
WorldCupQualifiers,2026,2025-11-16,Italy,Norway,1,4,False,Qualification,Qualification,full_time,False,Norway,"Venue: Milan, Italy"
WorldCupQualifiers,2026,2025-11-16,Moldova,Israel,1,4,False,Qualification,Qualification,full_time,False,Israel,"Venue: Chișinău, Moldova"
WorldCupQualifiers,2026,2025-11-16,Nigeria,DR Congo,1,1,True,Qualification,Qualification,after_extra_time,True,DR Congo,"Venue: Rabat, Morocco; DR Congo wins on penalties"
WorldCupQualifiers,2026,2025-11-16,Portugal,Armenia,9,1,False,Qualification,Qualification,full_time,False,Portugal,"Venue: Porto, Portugal"
WorldCupQualifiers,2026,2025-11-16,Serbia,Latvia,2,1,False,Qualification,Qualification,full_time,False,Serbia,"Venue: Leskovac, Serbia"
WorldCupQualifiers,2026,2025-11-16,Ukraine,Iceland,2,0,True,Qualification,Qualification,full_time,False,Ukraine,"Venue: Warsaw, Poland"
WorldCupQualifiers,2026,2025-11-17,Czechia,Gibraltar,6,0,False,Qualification,Qualification,full_time,False,Czechia,"Venue: Olomouc, Czech Republic"
WorldCupQualifiers,2026,2025-11-17,Germany,Slovakia,6,0,False,Qualification,Qualification,full_time,False,Germany,"Venue: Leipzig, Germany"
WorldCupQualifiers,2026,2025-11-17,Malta,Poland,2,3,False,Qualification,Qualification,full_time,False,Poland,"Venue: Ta' Qali, Malta"
WorldCupQualifiers,2026,2025-11-17,Montenegro,Croatia,2,3,False,Qualification,Qualification,full_time,False,Croatia,"Venue: Podgorica, Montenegro"
WorldCupQualifiers,2026,2025-11-17,Netherlands,Lithuania,4,0,False,Qualification,Qualification,full_time,False,Netherlands,"Venue: Amsterdam, Netherlands"
WorldCupQualifiers,2026,2025-11-17,Northern Ireland,Luxembourg,1,0,False,Qualification,Qualification,full_time,False,Northern Ireland,"Venue: Belfast, Northern Ireland"
WorldCupQualifiers,2026,2025-11-18,Austria,Bosnia and Herzegovina,1,1,False,Qualification,Qualification,full_time,False,,"Venue: Vienna, Austria"
WorldCupQualifiers,2026,2025-11-18,Belarus,Greece,0,0,True,Qualification,Qualification,full_time,False,,"Venue: Zalaegerszeg, Hungary"
WorldCupQualifiers,2026,2025-11-18,Belgium,Liechtenstein,7,0,False,Qualification,Qualification,full_time,False,Belgium,"Venue: Liège, Belgium"
WorldCupQualifiers,2026,2025-11-18,Bulgaria,Georgia,2,1,False,Qualification,Qualification,full_time,False,Bulgaria,"Venue: Sofia, Bulgaria"
WorldCupQualifiers,2026,2025-11-18,Costa Rica,Honduras,0,0,False,Qualification,Qualification,full_time,False,,"Venue: San José, Costa Rica"
WorldCupQualifiers,2026,2025-11-18,Guatemala,Suriname,3,1,False,Qualification,Qualification,full_time,False,Guatemala,"Venue: Guatemala City, Guatemala"
WorldCupQualifiers,2026,2025-11-18,Haiti,Nicaragua,2,0,True,Qualification,Qualification,full_time,False,Haiti,"Venue: Willemstad, Curaçao"
WorldCupQualifiers,2026,2025-11-18,Iraq,United Arab Emirates,2,1,False,Qualification,Qualification,full_time,False,Iraq,"Venue: Basra, Iraq"
WorldCupQualifiers,2026,2025-11-18,Jamaica,Curaçao,0,0,False,Qualification,Qualification,full_time,False,,"Venue: Kingston, Jamaica"
WorldCupQualifiers,2026,2025-11-18,Kosovo,Switzerland,1,1,False,Qualification,Qualification,full_time,False,,"Venue: Pristina, Kosovo"
WorldCupQualifiers,2026,2025-11-18,Panama,El Salvador,3,0,False,Qualification,Qualification,full_time,False,Panama,"Venue: Panama City, Panama"
WorldCupQualifiers,2026,2025-11-18,Romania,San Marino,7,1,False,Qualification,Qualification,full_time,False,Romania,"Venue: Ploiești, Romania"
WorldCupQualifiers,2026,2025-11-18,Scotland,Denmark,4,2,False,Qualification,Qualification,full_time,False,Scotland,"Venue: Glasgow, Scotland"
WorldCupQualifiers,2026,2025-11-18,Spain,Turkey,2,2,False,Qualification,Qualification,full_time,False,,"Venue: Seville, Spain"
WorldCupQualifiers,2026,2025-11-18,Sweden,Slovenia,1,1,False,Qualification,Qualification,full_time,False,,"Venue: Solna, Sweden"
WorldCupQualifiers,2026,2025-11-18,Trinidad and Tobago,Bermuda,2,2,False,Qualification,Qualification,full_time,False,,"Venue: Port of Spain, Trinidad and Tobago"
WorldCupQualifiers,2026,2025-11-18,Wales,North Macedonia,7,1,False,Qualification,Qualification,full_time,False,Wales,"Venue: Cardiff, Wales"
WorldCupQualifiers,2026,2026-03-26,Bolivia,Suriname,2,1,True,Qualification,Qualification,full_time,False,Bolivia,"Venue: Guadalupe, Mexico"
WorldCupQualifiers,2026,2026-03-26,Czechia,Republic of Ireland,2,2,False,Qualification,Qualification,after_extra_time,True,Czechia,"Venue: Prague, Czech Republic; Czech Republic wins on penalties"
WorldCupQualifiers,2026,2026-03-26,Denmark,North Macedonia,4,0,False,Qualification,Qualification,full_time,False,Denmark,"Venue: Copenhagen, Denmark"
WorldCupQualifiers,2026,2026-03-26,Italy,Northern Ireland,2,0,False,Qualification,Qualification,full_time,False,Italy,"Venue: Bergamo, Italy"
WorldCupQualifiers,2026,2026-03-26,New Caledonia,Jamaica,0,1,True,Qualification,Qualification,full_time,False,Jamaica,"Venue: Zapopan, Mexico"
WorldCupQualifiers,2026,2026-03-26,Poland,Albania,2,1,False,Qualification,Qualification,full_time,False,Poland,"Venue: Warsaw, Poland"
WorldCupQualifiers,2026,2026-03-26,Slovakia,Kosovo,3,4,False,Qualification,Qualification,full_time,False,Kosovo,"Venue: Bratislava, Slovakia"
WorldCupQualifiers,2026,2026-03-26,Turkey,Romania,1,0,False,Qualification,Qualification,full_time,False,Turkey,"Venue: Istanbul, Turkey"
WorldCupQualifiers,2026,2026-03-26,Ukraine,Sweden,1,3,True,Qualification,Qualification,full_time,False,Sweden,"Venue: Valencia, Spain"
WorldCupQualifiers,2026,2026-03-26,Wales,Bosnia and Herzegovina,1,1,False,Qualification,Qualification,after_extra_time,True,Bosnia and Herzegovina,"Venue: Cardiff, Wales; Bosnia and Herzegovina wins on penalties"
WorldCupQualifiers,2026,2026-03-31,Bosnia and Herzegovina,Italy,1,1,False,Qualification,Qualification,after_extra_time,True,Bosnia and Herzegovina,"Venue: Zenica, Bosnia and Herzegovina; Bosnia and Herzegovina wins on penalties"
WorldCupQualifiers,2026,2026-03-31,Czechia,Denmark,2,2,False,Qualification,Qualification,after_extra_time,True,Czechia,"Venue: Prague, Czech Republic; Czech Republic wins on penalties"
WorldCupQualifiers,2026,2026-03-31,DR Congo,Jamaica,1,0,True,Qualification,Qualification,after_extra_time,False,DR Congo,"Venue: Zapopan, Mexico"
WorldCupQualifiers,2026,2026-03-31,Iraq,Bolivia,2,1,True,Qualification,Qualification,full_time,False,Iraq,"Venue: Guadalupe, Mexico"
WorldCupQualifiers,2026,2026-03-31,Kosovo,Turkey,0,1,False,Qualification,Qualification,full_time,False,Turkey,"Venue: Pristina, Kosovo"
WorldCupQualifiers,2026,2026-03-31,Sweden,Poland,3,2,False,Qualification,Qualification,full_time,False,Sweden,"Venue: Solna, Sweden"
