competition,season,date,home_team,away_team,home_goals,away_goals,neutral_site,stage,round,score_basis,decided_by_penalties,winner,notes
WorldCupQualifiers,2022,2019-06-06,Bhutan,Guam,1,0,False,Qualification,Qualification,full_time,False,Bhutan,"Venue: Thimphu, Bhutan"
WorldCupQualifiers,2022,2019-06-06,Cambodia,Pakistan,2,0,False,Qualification,Qualification,full_time,False,Cambodia,"Venue: Phnom Penh, Cambodia"
WorldCupQualifiers,2022,2019-06-06,Laos,Bangladesh,0,1,False,Qualification,Qualification,full_time,False,Bangladesh,"Venue: Vientiane, Laos"
WorldCupQualifiers,2022,2019-06-06,Macau,Sri Lanka,1,0,False,Qualification,Qualification,full_time,False,Macau,"Venue: Zhuhai, Macau"
WorldCupQualifiers,2022,2019-06-06,Mongolia,Brunei,2,0,False,Qualification,Qualification,full_time,False,Mongolia,"Venue: Ulaanbaatar, Mongolia"
WorldCupQualifiers,2022,2019-06-07,Malaysia,Timor-Leste,7,1,False,Qualification,Qualification,full_time,False,Malaysia,"Venue: Kuala Lumpur, Malaysia"
WorldCupQualifiers,2022,2019-06-11,Bangladesh,Laos,0,0,False,Qualification,Qualification,full_time,False,,"Venue: Dhaka, Bangladesh"
WorldCupQualifiers,2022,2019-06-11,Brunei,Mongolia,2,1,False,Qualification,Qualification,full_time,False,Brunei,"Venue: Bandar Seri Begawan, Brunei"
WorldCupQualifiers,2022,2019-06-11,Guam,Bhutan,5,0,False,Qualification,Qualification,full_time,False,Guam,"Venue: Dededo, Guam"
WorldCupQualifiers,2022,2019-06-11,Pakistan,Cambodia,1,2,True,Qualification,Qualification,full_time,False,Cambodia,"Venue: Doha, Qatar"
WorldCupQualifiers,2022,2019-06-11,Sri Lanka,Macau,3,0,False,Qualification,Qualification,full_time,False,Sri Lanka,"Venue: Colombo, Sri Lanka"
WorldCupQualifiers,2022,2019-06-11,Malaysia,Timor-Leste,5,1,False,Qualification,Qualification,full_time,False,Malaysia,"Venue: Kuala Lumpur, Malaysia"
WorldCupQualifiers,2022,2019-09-04,Burundi,Tanzania,1,1,False,Qualification,Qualification,full_time,False,,"Venue: Bujumbura, Burundi"
WorldCupQualifiers,2022,2019-09-04,Djibouti,Eswatini,2,1,False,Qualification,Qualification,full_time,False,Djibouti,"Venue: Djibouti, Djibouti"
WorldCupQualifiers,2022,2019-09-04,Eritrea,Namibia,1,2,False,Qualification,Qualification,full_time,False,Namibia,"Venue: Asmara, Eritrea"
WorldCupQualifiers,2022,2019-09-04,Ethiopia,Lesotho,0,0,False,Qualification,Qualification,full_time,False,,"Venue: Bahir Dar, Ethiopia"
WorldCupQualifiers,2022,2019-09-04,Liberia,Sierra Leone,3,1,False,Qualification,Qualification,full_time,False,Liberia,"Venue: Monrovia, Liberia"
WorldCupQualifiers,2022,2019-09-04,Mauritius,Mozambique,0,1,False,Qualification,Qualification,full_time,False,Mozambique,"Venue: Belle Vue Maurel, Mauritius"
WorldCupQualifiers,2022,2019-09-04,São Tomé and Príncipe,Guinea-Bissau,0,1,False,Qualification,Qualification,full_time,False,Guinea-Bissau,"Venue: São Tomé, São Tomé and Príncipe"
WorldCupQualifiers,2022,2019-09-04,South Sudan,Equatorial Guinea,1,1,True,Qualification,Qualification,full_time,False,,"Venue: Omdurman, Sudan"
WorldCupQualifiers,2022,2019-09-05,Guam,Maldives,0,1,False,Qualification,Qualification,full_time,False,Maldives,"Venue: Dededo, Guam"
WorldCupQualifiers,2022,2019-09-05,Philippines,Syria,2,5,False,Qualification,Qualification,full_time,False,Syria,"Venue: Bacolod, Philippines"
WorldCupQualifiers,2022,2019-09-05,Taiwan,Jordan,1,2,False,Qualification,Qualification,full_time,False,Jordan,"Venue: Taipei, Taiwan"
WorldCupQualifiers,2022,2019-09-05,Kuwait,Nepal,7,0,False,Qualification,Qualification,full_time,False,Kuwait,"Venue: Kuwait City, Kuwait"
WorldCupQualifiers,2022,2019-09-05,Cambodia,Hong Kong,1,1,False,Qualification,Qualification,full_time,False,,"Venue: Phnom Penh, Cambodia"
WorldCupQualifiers,2022,2019-09-05,Bahrain,Iraq,1,1,False,Qualification,Qualification,full_time,False,,"Venue: Riffa, Bahrain"
WorldCupQualifiers,2022,2019-09-05,Palestine,Uzbekistan,2,0,False,Qualification,Qualification,full_time,False,Palestine,"Venue: Al-Ram, Palestine"
WorldCupQualifiers,2022,2019-09-05,Singapore,Yemen,2,2,False,Qualification,Qualification,full_time,False,,"Venue: Kallang, Singapore"
WorldCupQualifiers,2022,2019-09-05,India,Oman,1,2,False,Qualification,Qualification,full_time,False,Oman,"Venue: Guwahati, India"
WorldCupQualifiers,2022,2019-09-05,Qatar,Afghanistan,6,0,False,Qualification,Qualification,full_time,False,Qatar,"Venue: Doha, Qatar"
WorldCupQualifiers,2022,2019-09-05,Mongolia,Myanmar,1,0,False,Qualification,Qualification,full_time,False,Mongolia,"Venue: Ulaanbaatar, Mongolia"
WorldCupQualifiers,2022,2019-09-05,Tajikistan,Kyrgyzstan,1,0,False,Qualification,Qualification,full_time,False,Tajikistan,"Venue: Dushanbe, Tajikistan"
WorldCupQualifiers,2022,2019-09-05,Thailand,Vietnam,0,0,False,Qualification,Qualification,full_time,False,,"Venue: Pathum Thani, Thailand"
WorldCupQualifiers,2022,2019-09-05,Indonesia,Malaysia,2,3,False,Qualification,Qualification,full_time,False,Malaysia,"Venue: Jakarta, Indonesia"
WorldCupQualifiers,2022,2019-09-05,North Korea,Lebanon,2,0,False,Qualification,Qualification,full_time,False,North Korea,"Venue: Pyongyang, North Korea"
WorldCupQualifiers,2022,2019-09-05,Sri Lanka,Turkmenistan,0,2,False,Qualification,Qualification,full_time,False,Turkmenistan,"Venue: Colombo, Sri Lanka"
WorldCupQualifiers,2022,2019-09-05,Chad,Sudan,1,3,False,Qualification,Qualification,full_time,False,Sudan,"Venue: N'Djamena, Chad"
WorldCupQualifiers,2022,2019-09-05,Seychelles,Rwanda,0,3,False,Qualification,Qualification,full_time,False,Rwanda,"Venue: Victoria, Seychelles"
WorldCupQualifiers,2022,2019-09-05,Somalia,Zimbabwe,1,0,True,Qualification,Qualification,full_time,False,Somalia,"Venue: Djibouti, Djibouti"
WorldCupQualifiers,2022,2019-09-06,Comoros,Togo,1,1,False,Qualification,Qualification,full_time,False,,"Venue: Moroni, Comoros"
WorldCupQualifiers,2022,2019-09-06,Gambia,Angola,0,1,False,Qualification,Qualification,full_time,False,Angola,"Venue: Bakau, Gambia"
WorldCupQualifiers,2022,2019-09-07,Botswana,Malawi,0,0,False,Qualification,Qualification,full_time,False,,"Venue: Francistown, Botswana"
WorldCupQualifiers,2022,2019-09-08,Equatorial Guinea,South Sudan,1,0,False,Qualification,Qualification,full_time,False,Equatorial Guinea,"Venue: Malabo, Equatorial Guinea"
WorldCupQualifiers,2022,2019-09-08,Lesotho,Ethiopia,1,1,False,Qualification,Qualification,full_time,False,,"Venue: Maseru, Lesotho"
WorldCupQualifiers,2022,2019-09-08,Sierra Leone,Liberia,1,0,False,Qualification,Qualification,full_time,False,Sierra Leone,"Venue: Freetown, Sierra Leone"
WorldCupQualifiers,2022,2019-09-08,Tanzania,Burundi,1,1,False,Qualification,Qualification,after_extra_time,True,Tanzania,"Venue: Dar es Salaam, Tanzania; Tanzania wins on penalties"
WorldCupQualifiers,2022,2019-09-10,Guam,Philippines,1,4,False,Qualification,Qualification,full_time,False,Philippines,"Venue: Dededo, Guam"
WorldCupQualifiers,2022,2019-09-10,Maldives,China PR,0,5,False,Qualification,Qualification,full_time,False,China PR,"Venue: Malé, Maldives"
WorldCupQualifiers,2022,2019-09-10,Kuwait,Australia,0,3,False,Qualification,Qualification,full_time,False,Australia,"Venue: Kuwait City, Kuwait"
WorldCupQualifiers,2022,2019-09-10,Taiwan,Nepal,0,2,False,Qualification,Qualification,full_time,False,Nepal,"Venue: Taipei, Taiwan"
WorldCupQualifiers,2022,2019-09-10,Cambodia,Bahrain,0,1,False,Qualification,Qualification,full_time,False,Bahrain,"Venue: Phnom Penh, Cambodia"
WorldCupQualifiers,2022,2019-09-10,Hong Kong,Iran,0,2,False,Qualification,Qualification,full_time,False,Iran,"Venue: Hong Kong, Hong Kong"
WorldCupQualifiers,2022,2019-09-10,Yemen,Saudi Arabia,2,2,True,Qualification,Qualification,full_time,False,,"Venue: Riffa, Bahrain"
WorldCupQualifiers,2022,2019-09-10,Singapore,Palestine,2,1,False,Qualification,Qualification,full_time,False,Singapore,"Venue: Singapore, Singapore"
WorldCupQualifiers,2022,2019-09-10,Afghanistan,Bangladesh,1,0,True,Qualification,Qualification,full_time,False,Afghanistan,"Venue: Dushanbe, Tajikistan"
WorldCupQualifiers,2022,2019-09-10,Qatar,India,0,0,False,Qualification,Qualification,full_time,False,,"Venue: Doha, Qatar"
WorldCupQualifiers,2022,2019-09-10,Mongolia,Tajikistan,0,1,False,Qualification,Qualification,full_time,False,Tajikistan,"Venue: Ulaanbaatar, Mongolia"
WorldCupQualifiers,2022,2019-09-10,Myanmar,Japan,0,2,False,Qualification,Qualification,full_time,False,Japan,"Venue: Yangon, Myanmar"
WorldCupQualifiers,2022,2019-09-10,Indonesia,Thailand,0,3,False,Qualification,Qualification,full_time,False,Thailand,"Venue: Jakarta, Indonesia"
WorldCupQualifiers,2022,2019-09-10,Malaysia,United Arab Emirates,1,2,False,Qualification,Qualification,full_time,False,United Arab Emirates,"Venue: Kuala Lumpur, Malaysia"
WorldCupQualifiers,2022,2019-09-10,Turkmenistan,South Korea,0,2,False,Qualification,Qualification,full_time,False,South Korea,"Venue: Ashgabat, Turkmenistan"
WorldCupQualifiers,2022,2019-09-10,Sri Lanka,North Korea,0,1,False,Qualification,Qualification,full_time,False,North Korea,"Venue: Colombo, Sri Lanka"
WorldCupQualifiers,2022,2019-09-10,Angola,Gambia,2,1,False,Qualification,Qualification,full_time,False,Angola,"Venue: Luanda, Angola"
WorldCupQualifiers,2022,2019-09-10,Guinea-Bissau,São Tomé and Príncipe,2,1,False,Qualification,Qualification,full_time,False,Guinea-Bissau,"Venue: Bissau, Guinea-Bissau"
WorldCupQualifiers,2022,2019-09-10,Malawi,Botswana,1,0,False,Qualification,Qualification,full_time,False,Malawi,"Venue: Blantyre, Malawi"
WorldCupQualifiers,2022,2019-09-10,Mozambique,Mauritius,2,0,False,Qualification,Qualification,full_time,False,Mozambique,"Venue: Maputo, Mozambique"
WorldCupQualifiers,2022,2019-09-10,Namibia,Eritrea,2,0,False,Qualification,Qualification,full_time,False,Namibia,"Venue: Windhoek, Namibia"
WorldCupQualifiers,2022,2019-09-10,Rwanda,Seychelles,7,0,False,Qualification,Qualification,full_time,False,Rwanda,"Venue: Kigali, Rwanda"
WorldCupQualifiers,2022,2019-09-10,Sudan,Chad,0,0,False,Qualification,Qualification,full_time,False,,"Venue: Omdurman, Sudan"
WorldCupQualifiers,2022,2019-09-10,Eswatini,Djibouti,0,0,False,Qualification,Qualification,full_time,False,,"Venue: Manzini, Eswatini"
WorldCupQualifiers,2022,2019-09-10,Togo,Comoros,2,0,False,Qualification,Qualification,full_time,False,Togo,"Venue: Lomé, Togo"
WorldCupQualifiers,2022,2019-09-10,Zimbabwe,Somalia,3,1,False,Qualification,Qualification,full_time,False,Zimbabwe,"Venue: Harare, Zimbabwe"
WorldCupQualifiers,2022,2019-10-10,Syria,Maldives,2,1,True,Qualification,Qualification,full_time,False,Syria,"Venue: Dubai, United Arab Emirates"
WorldCupQualifiers,2022,2019-10-10,China PR,Guam,7,0,False,Qualification,Qualification,full_time,False,China PR,"Venue: Guangzhou, China PR"
WorldCupQualifiers,2022,2019-10-10,Jordan,Kuwait,0,0,False,Qualification,Qualification,full_time,False,,"Venue: Amman, Jordan"
WorldCupQualifiers,2022,2019-10-10,Australia,Nepal,5,0,False,Qualification,Qualification,full_time,False,Australia,"Venue: Canberra, Australia"
WorldCupQualifiers,2022,2019-10-10,Iran,Cambodia,14,0,False,Qualification,Qualification,full_time,False,Iran,"Venue: Tehran, Iran"
WorldCupQualifiers,2022,2019-10-10,Iraq,Hong Kong,2,0,False,Qualification,Qualification,full_time,False,Iraq,"Venue: Basra, Iraq"
WorldCupQualifiers,2022,2019-10-10,Uzbekistan,Yemen,5,0,False,Qualification,Qualification,full_time,False,Uzbekistan,"Venue: Tashkent, Uzbekistan"
WorldCupQualifiers,2022,2019-10-10,Saudi Arabia,Singapore,3,0,False,Qualification,Qualification,full_time,False,Saudi Arabia,"Venue: Buraidah, Saudi Arabia"
WorldCupQualifiers,2022,2019-10-10,Bangladesh,Qatar,0,2,False,Qualification,Qualification,full_time,False,Qatar,"Venue: Dhaka, Bangladesh"
WorldCupQualifiers,2022,2019-10-10,Oman,Afghanistan,3,0,False,Qualification,Qualification,full_time,False,Oman,"Venue: Seeb, Oman"
WorldCupQualifiers,2022,2019-10-10,Japan,Mongolia,6,0,False,Qualification,Qualification,full_time,False,Japan,"Venue: Saitama, Japan"
WorldCupQualifiers,2022,2019-10-10,Kyrgyzstan,Myanmar,7,0,False,Qualification,Qualification,full_time,False,Kyrgyzstan,"Venue: Bishkek, Kyrgyzstan"
WorldCupQualifiers,2022,2019-10-10,United Arab Emirates,Indonesia,5,0,False,Qualification,Qualification,full_time,False,United Arab Emirates,"Venue: Dubai, United Arab Emirates"
WorldCupQualifiers,2022,2019-10-10,Vietnam,Malaysia,1,0,False,Qualification,Qualification,full_time,False,Vietnam,"Venue: Hanoi, Vietnam"
WorldCupQualifiers,2022,2019-10-10,Lebanon,Turkmenistan,2,1,False,Qualification,Qualification,full_time,False,Lebanon,"Venue: Beirut, Lebanon"
WorldCupQualifiers,2022,2019-10-10,South Korea,Sri Lanka,8,0,False,Qualification,Qualification,full_time,False,South Korea,"Venue: Hwaseong, South Korea"
WorldCupQualifiers,2022,2019-10-15,Syria,Guam,4,0,True,Qualification,Qualification,full_time,False,Syria,"Venue: Dubai, United Arab Emirates"
WorldCupQualifiers,2022,2019-10-15,Philippines,China PR,0,0,False,Qualification,Qualification,full_time,False,,"Venue: Bacolod, Philippines"
WorldCupQualifiers,2022,2019-10-15,Jordan,Nepal,3,0,False,Qualification,Qualification,full_time,False,Jordan,"Venue: Amman, Jordan"
WorldCupQualifiers,2022,2019-10-15,Taiwan,Australia,1,7,False,Qualification,Qualification,full_time,False,Australia,"Venue: Kaohsiung, Taiwan"
WorldCupQualifiers,2022,2019-10-15,Cambodia,Iraq,0,4,False,Qualification,Qualification,full_time,False,Iraq,"Venue: Phnom Penh, Cambodia"
WorldCupQualifiers,2022,2019-10-15,Bahrain,Iran,1,0,False,Qualification,Qualification,full_time,False,Bahrain,"Venue: Riffa, Bahrain"
WorldCupQualifiers,2022,2019-10-15,Palestine,Saudi Arabia,0,0,False,Qualification,Qualification,full_time,False,,"Venue: Al-Ram, Palestine"
WorldCupQualifiers,2022,2019-10-15,Singapore,Uzbekistan,1,3,False,Qualification,Qualification,full_time,False,Uzbekistan,"Venue: Kallang, Singapore"
WorldCupQualifiers,2022,2019-10-15,India,Bangladesh,1,1,False,Qualification,Qualification,full_time,False,,"Venue: Kolkota, India"
WorldCupQualifiers,2022,2019-10-15,Qatar,Oman,2,1,False,Qualification,Qualification,full_time,False,Qatar,"Venue: Al Wakrah, Qatar"
WorldCupQualifiers,2022,2019-10-15,Mongolia,Kyrgyzstan,1,2,False,Qualification,Qualification,full_time,False,Kyrgyzstan,"Venue: Ulaanbaatar, Mongolia"
WorldCupQualifiers,2022,2019-10-15,Tajikistan,Japan,0,3,False,Qualification,Qualification,full_time,False,Japan,"Venue: Dushanbe, Tajikistan"
WorldCupQualifiers,2022,2019-10-15,Thailand,United Arab Emirates,2,1,False,Qualification,Qualification,full_time,False,Thailand,"Venue: Pathum Thani, Thailand"
WorldCupQualifiers,2022,2019-10-15,Indonesia,Vietnam,1,3,False,Qualification,Qualification,full_time,False,Vietnam,"Venue: Gianyar, Indonesia"
WorldCupQualifiers,2022,2019-10-15,North Korea,South Korea,0,0,False,Qualification,Qualification,full_time,False,,"Venue: Pyongyang, North Korea"
WorldCupQualifiers,2022,2019-10-15,Sri Lanka,Lebanon,0,3,False,Qualification,Qualification,full_time,False,Lebanon,"Venue: Colombo, Sri Lanka"
WorldCupQualifiers,2022,2019-11-14,Maldives,Philippines,1,2,False,Qualification,Qualification,full_time,False,Philippines,"Venue: Malé, Maldives"
WorldCupQualifiers,2022,2019-11-14,Syria,China PR,2,1,True,Qualification,Qualification,full_time,False,Syria,"Venue: Dubai, United Arab Emirates"
WorldCupQualifiers,2022,2019-11-14,Jordan,Australia,0,1,False,Qualification,Qualification,full_time,False,Australia,"Venue: Amman, Jordan"
WorldCupQualifiers,2022,2019-11-14,Kuwait,Taiwan,9,0,False,Qualification,Qualification,full_time,False,Kuwait,"Venue: Kuwait City, Kuwait"
WorldCupQualifiers,2022,2019-11-14,Iraq,Iran,2,1,True,Qualification,Qualification,full_time,False,Iraq,"Venue: Amman, Jordan"
WorldCupQualifiers,2022,2019-11-14,Hong Kong,Bahrain,0,0,False,Qualification,Qualification,full_time,False,,"Venue: Hong Kong, Hong Kong"
WorldCupQualifiers,2022,2019-11-14,Uzbekistan,Saudi Arabia,2,3,False,Qualification,Qualification,full_time,False,Saudi Arabia,"Venue: Tashkent, Uzbekistan"
WorldCupQualifiers,2022,2019-11-14,Yemen,Palestine,1,0,True,Qualification,Qualification,full_time,False,Yemen,"Venue: Muharraq, Bahrain"
WorldCupQualifiers,2022,2019-11-14,Afghanistan,India,1,1,True,Qualification,Qualification,full_time,False,,"Venue: Dushanbe, Tajikistan"
WorldCupQualifiers,2022,2019-11-14,Oman,Bangladesh,4,1,False,Qualification,Qualification,full_time,False,Oman,"Venue: Muscat, Oman"
WorldCupQualifiers,2022,2019-11-14,Myanmar,Tajikistan,4,3,False,Qualification,Qualification,full_time,False,Myanmar,"Venue: Mandalay, Myanmar"
WorldCupQualifiers,2022,2019-11-14,Kyrgyzstan,Japan,0,2,False,Qualification,Qualification,full_time,False,Japan,"Venue: Bishkek, Kyrgyzstan"
WorldCupQualifiers,2022,2019-11-14,Vietnam,United Arab Emirates,1,0,False,Qualification,Qualification,full_time,False,Vietnam,"Venue: Hanoi, Vietnam"
WorldCupQualifiers,2022,2019-11-14,Malaysia,Thailand,2,1,False,Qualification,Qualification,full_time,False,Malaysia,"Venue: Kuala Lumpur, Malaysia"
WorldCupQualifiers,2022,2019-11-14,Lebanon,South Korea,0,0,False,Qualification,Qualification,full_time,False,,"Venue: Beirut, Lebanon"
WorldCupQualifiers,2022,2019-11-14,Turkmenistan,North Korea,3,1,False,Qualification,Qualification,full_time,False,Turkmenistan,"Venue: Ashgabat, Turkmenistan"
WorldCupQualifiers,2022,2019-11-19,Maldives,Guam,3,1,False,Qualification,Qualification,full_time,False,Maldives,"Venue: Malé, Maldives"
WorldCupQualifiers,2022,2019-11-19,Syria,Philippines,1,0,True,Qualification,Qualification,full_time,False,Syria,"Venue: Dubai, United Arab Emirates"
WorldCupQualifiers,2022,2019-11-19,Nepal,Kuwait,0,1,True,Qualification,Qualification,full_time,False,Kuwait,"Venue: Thimphu, Bhutan"
WorldCupQualifiers,2022,2019-11-19,Jordan,Taiwan,5,0,False,Qualification,Qualification,full_time,False,Jordan,"Venue: Amman, Jordan"
WorldCupQualifiers,2022,2019-11-19,Iraq,Bahrain,0,0,True,Qualification,Qualification,full_time,False,,"Venue: Amman, Jordan"
WorldCupQualifiers,2022,2019-11-19,Hong Kong,Cambodia,2,0,False,Qualification,Qualification,full_time,False,Hong Kong,"Venue: Hong Kong, Hong Kong"
WorldCupQualifiers,2022,2019-11-19,Uzbekistan,Palestine,2,0,False,Qualification,Qualification,full_time,False,Uzbekistan,"Venue: Tashkent, Uzbekistan"
WorldCupQualifiers,2022,2019-11-19,Yemen,Singapore,1,2,True,Qualification,Qualification,full_time,False,Singapore,"Venue: Muharraq, Bahrain"
WorldCupQualifiers,2022,2019-11-19,Afghanistan,Qatar,0,1,True,Qualification,Qualification,full_time,False,Qatar,"Venue: Dushanbe, Tajikistan"
WorldCupQualifiers,2022,2019-11-19,Oman,India,1,0,False,Qualification,Qualification,full_time,False,Oman,"Venue: Muscat, Oman"
WorldCupQualifiers,2022,2019-11-19,Myanmar,Mongolia,1,0,False,Qualification,Qualification,full_time,False,Myanmar,"Venue: Mandalay, Myanmar"
WorldCupQualifiers,2022,2019-11-19,Kyrgyzstan,Tajikistan,1,1,False,Qualification,Qualification,full_time,False,,"Venue: Bishkek, Kyrgyzstan"
WorldCupQualifiers,2022,2019-11-19,Vietnam,Thailand,0,0,False,Qualification,Qualification,full_time,False,,"Venue: Hanoi, Vietnam"
WorldCupQualifiers,2022,2019-11-19,Malaysia,Indonesia,2,0,False,Qualification,Qualification,full_time,False,Malaysia,"Venue: Kuala Lumpur, Malaysia"
WorldCupQualifiers,2022,2019-11-19,Turkmenistan,Sri Lanka,2,0,False,Qualification,Qualification,full_time,False,Turkmenistan,"Venue: Ashgabat, Turkmenistan"
WorldCupQualifiers,2022,2019-11-19,Lebanon,North Korea,0,0,False,Qualification,Qualification,full_time,False,,"Venue: Beirut, Lebanon"
WorldCupQualifiers,2022,2020-10-08,Paraguay,Peru,2,2,False,Qualification,Qualification,full_time,False,,"Venue: Asunción, Paraguay"
WorldCupQualifiers,2022,2020-10-08,Uruguay,Chile,2,1,False,Qualification,Qualification,full_time,False,Uruguay,"Venue: Montevideo, Uruguay"
WorldCupQualifiers,2022,2020-10-08,Argentina,Ecuador,1,0,False,Qualification,Qualification,full_time,False,Argentina,"Venue: Buenos Aires, Argentina"
WorldCupQualifiers,2022,2020-10-09,Colombia,Venezuela,3,0,False,Qualification,Qualification,full_time,False,Colombia,"Venue: Barranquilla, Colombia"
WorldCupQualifiers,2022,2020-10-09,Brazil,Bolivia,5,0,False,Qualification,Qualification,full_time,False,Brazil,"Venue: São Paulo, Brazil"
WorldCupQualifiers,2022,2020-10-13,Bolivia,Argentina,1,2,False,Qualification,Qualification,full_time,False,Argentina,"Venue: La Paz, Bolivia"
WorldCupQualifiers,2022,2020-10-13,Ecuador,Uruguay,4,2,False,Qualification,Qualification,full_time,False,Ecuador,"Venue: Quito, Ecuador"
WorldCupQualifiers,2022,2020-10-13,Venezuela,Paraguay,0,1,False,Qualification,Qualification,full_time,False,Paraguay,"Venue: Mérida, Venezuela"
WorldCupQualifiers,2022,2020-10-13,Peru,Brazil,2,4,False,Qualification,Qualification,full_time,False,Brazil,"Venue: Lima, Peru"
WorldCupQualifiers,2022,2020-10-13,Chile,Colombia,2,2,False,Qualification,Qualification,full_time,False,,"Venue: Santiago, Chile"
WorldCupQualifiers,2022,2020-11-12,Bolivia,Ecuador,2,3,False,Qualification,Qualification,full_time,False,Ecuador,"Venue: La Paz, Bolivia"
WorldCupQualifiers,2022,2020-11-12,Argentina,Paraguay,1,1,False,Qualification,Qualification,full_time,False,,"Venue: Buenos Aires, Argentina"
WorldCupQualifiers,2022,2020-11-13,Colombia,Uruguay,0,3,False,Qualification,Qualification,full_time,False,Uruguay,"Venue: Barranquilla, Colombia"
WorldCupQualifiers,2022,2020-11-13,Chile,Peru,2,0,False,Qualification,Qualification,full_time,False,Chile,"Venue: Santiago, Chile"
WorldCupQualifiers,2022,2020-11-13,Brazil,Venezuela,1,0,False,Qualification,Qualification,full_time,False,Brazil,"Venue: São Paulo, Brazil"
WorldCupQualifiers,2022,2020-11-17,Ecuador,Colombia,6,1,False,Qualification,Qualification,full_time,False,Ecuador,"Venue: Quito, Ecuador"
WorldCupQualifiers,2022,2020-11-17,Venezuela,Chile,2,1,False,Qualification,Qualification,full_time,False,Venezuela,"Venue: Caracas, Venezuela"
WorldCupQualifiers,2022,2020-11-17,Peru,Argentina,0,2,False,Qualification,Qualification,full_time,False,Argentina,"Venue: Lima, Peru"
WorldCupQualifiers,2022,2020-11-17,Paraguay,Bolivia,2,2,False,Qualification,Qualification,full_time,False,,"Venue: Asunción, Paraguay"
WorldCupQualifiers,2022,2020-11-17,Uruguay,Brazil,0,2,False,Qualification,Qualification,full_time,False,Brazil,"Venue: Montevideo, Uruguay"
WorldCupQualifiers,2022,2020-12-04,Qatar,Bangladesh,5,0,False,Qualification,Qualification,full_time,False,Qatar,"Venue: Doha, Qatar"
WorldCupQualifiers,2022,2021-03-24,Antigua and Barbuda,Montserrat,2,2,True,Qualification,Qualification,full_time,False,,"Venue: Willemstad, Curaçao"
WorldCupQualifiers,2022,2021-03-24,Suriname,Cayman Islands,3,0,False,Qualification,Qualification,full_time,False,Suriname,"Venue: Paramaribo, Suriname"
WorldCupQualifiers,2022,2021-03-24,Guatemala,Cuba,1,0,False,Qualification,Qualification,full_time,False,Guatemala,"Venue: Guatemala City, Guatemala"
WorldCupQualifiers,2022,2021-03-24,Dominican Republic,Dominica,1,0,False,Qualification,Qualification,full_time,False,Dominican Republic,"Venue: Santo Domingo, Dominican Republic"
WorldCupQualifiers,2022,2021-03-24,Saint Kitts and Nevis,Puerto Rico,1,0,True,Qualification,Qualification,full_time,False,Saint Kitts and Nevis,"Venue: San Cristóbal, Dominican Republic"
WorldCupQualifiers,2022,2021-03-24,Portugal,Azerbaijan,1,0,True,Qualification,Qualification,full_time,False,Portugal,"Venue: Turin, Italy"
WorldCupQualifiers,2022,2021-03-24,Serbia,Republic of Ireland,3,2,False,Qualification,Qualification,full_time,False,Serbia,"Venue: Belgrade, Serbia"
WorldCupQualifiers,2022,2021-03-24,France,Ukraine,1,1,False,Qualification,Qualification,full_time,False,,"Venue: Paris, France"
WorldCupQualifiers,2022,2021-03-24,Finland,Bosnia and Herzegovina,2,2,False,Qualification,Qualification,full_time,False,,"Venue: Helsinki, Finland"
WorldCupQualifiers,2022,2021-03-24,Belgium,Wales,3,1,False,Qualification,Qualification,full_time,False,Belgium,"Venue: Leuven, Belgium"
WorldCupQualifiers,2022,2021-03-24,Estonia,Czechia,2,6,True,Qualification,Qualification,full_time,False,Czechia,"Venue: Lublin, Poland"
WorldCupQualifiers,2022,2021-03-24,Turkey,Netherlands,4,2,False,Qualification,Qualification,full_time,False,Turkey,"Venue: Istanbul, Turkey"
WorldCupQualifiers,2022,2021-03-24,Gibraltar,Norway,0,3,False,Qualification,Qualification,full_time,False,Norway,"Venue: Gibraltar, Gibraltar"
WorldCupQualifiers,2022,2021-03-24,Latvia,Montenegro,1,2,False,Qualification,Qualification,full_time,False,Montenegro,"Venue: Riga, Latvia"
WorldCupQualifiers,2022,2021-03-24,Malta,Russia,1,3,False,Qualification,Qualification,full_time,False,Russia,"Venue: Ta' Qali, Malta"
WorldCupQualifiers,2022,2021-03-24,Slovenia,Croatia,1,0,False,Qualification,Qualification,full_time,False,Slovenia,"Venue: Ljubljana, Slovenia"
WorldCupQualifiers,2022,2021-03-24,Cyprus,Slovakia,0,0,False,Qualification,Qualification,full_time,False,,"Venue: Nicosia, Cyprus"
WorldCupQualifiers,2022,2021-03-25,El Salvador,Grenada,2,0,False,Qualification,Qualification,full_time,False,El Salvador,"Venue: San Salvador, El Salvador"
WorldCupQualifiers,2022,2021-03-25,Canada,Bermuda,5,1,True,Qualification,Qualification,full_time,False,Canada,"Venue: Orlando, United States"
WorldCupQualifiers,2022,2021-03-25,Curaçao,Saint Vincent and the Grenadines,5,0,False,Qualification,Qualification,full_time,False,Curaçao,"Venue: Willemstad, Curaçao"
WorldCupQualifiers,2022,2021-03-25,Panama,Barbados,1,0,True,Qualification,Qualification,full_time,False,Panama,"Venue: Santo Domingo, Dominican Republic"
WorldCupQualifiers,2022,2021-03-25,Haiti,Belize,2,0,False,Qualification,Qualification,full_time,False,Haiti,"Venue: Port-au-Prince, Haiti"
WorldCupQualifiers,2022,2021-03-25,Trinidad and Tobago,Guyana,3,0,True,Qualification,Qualification,full_time,False,Trinidad and Tobago,"Venue: San Cristóbal, Dominican Republic"
WorldCupQualifiers,2022,2021-03-25,Spain,Greece,1,1,False,Qualification,Qualification,full_time,False,,"Venue: Granada, Spain"
WorldCupQualifiers,2022,2021-03-25,Sweden,Georgia,1,0,False,Qualification,Qualification,full_time,False,Sweden,"Venue: Stockholm, Sweden"
WorldCupQualifiers,2022,2021-03-25,Bulgaria,Switzerland,1,3,False,Qualification,Qualification,full_time,False,Switzerland,"Venue: Sofia, Bulgaria"
WorldCupQualifiers,2022,2021-03-25,Italy,Northern Ireland,2,0,False,Qualification,Qualification,full_time,False,Italy,"Venue: Parma, Italy"
WorldCupQualifiers,2022,2021-03-25,Israel,Denmark,0,2,False,Qualification,Qualification,full_time,False,Denmark,"Venue: Tel Aviv, Israel"
WorldCupQualifiers,2022,2021-03-25,Scotland,Austria,2,2,False,Qualification,Qualification,full_time,False,,"Venue: Glasgow, Scotland"
WorldCupQualifiers,2022,2021-03-25,Moldova,Faroe Islands,1,1,False,Qualification,Qualification,full_time,False,,"Venue: Chișinău, Moldova"
WorldCupQualifiers,2022,2021-03-25,England,San Marino,5,0,False,Qualification,Qualification,full_time,False,England,"Venue: London, England"
WorldCupQualifiers,2022,2021-03-25,Andorra,Albania,0,1,False,Qualification,Qualification,full_time,False,Albania,"Venue: Andorra la Vella, Andorra"
WorldCupQualifiers,2022,2021-03-25,Hungary,Poland,3,3,False,Qualification,Qualification,full_time,False,,"Venue: Budapest, Hungary"
WorldCupQualifiers,2022,2021-03-25,Germany,Iceland,3,0,False,Qualification,Qualification,full_time,False,Germany,"Venue: Duisburg, Germany"
WorldCupQualifiers,2022,2021-03-25,Liechtenstein,Armenia,0,1,False,Qualification,Qualification,full_time,False,Armenia,"Venue: Vaduz, Liechtenstein"
WorldCupQualifiers,2022,2021-03-25,Romania,North Macedonia,3,2,False,Qualification,Qualification,full_time,False,Romania,"Venue: Bucharest, Romania"
WorldCupQualifiers,2022,2021-03-25,Tajikistan,Mongolia,3,0,False,Qualification,Qualification,full_time,False,Tajikistan,"Venue: Dushanbe, Tajikistan"
WorldCupQualifiers,2022,2021-03-27,United States Virgin Islands,Antigua and Barbuda,0,3,False,Qualification,Qualification,full_time,False,Antigua and Barbuda,"Venue: Saint Croix, United States Virgin Islands"
WorldCupQualifiers,2022,2021-03-27,Aruba,Suriname,0,6,True,Qualification,Qualification,full_time,False,Suriname,"Venue: Bradenton, United States"
WorldCupQualifiers,2022,2021-03-27,British Virgin Islands,Guatemala,0,3,True,Qualification,Qualification,full_time,False,Guatemala,"Venue: Willemstad, Curaçao"
WorldCupQualifiers,2022,2021-03-27,Anguilla,Dominican Republic,0,6,True,Qualification,Qualification,full_time,False,Dominican Republic,"Venue: Fort Lauderdale, United States"
WorldCupQualifiers,2022,2021-03-27,Turks and Caicos Islands,Nicaragua,0,7,True,Qualification,Qualification,full_time,False,Nicaragua,"Venue: San Cristóbal, Dominican Republic"
WorldCupQualifiers,2022,2021-03-27,Bahamas,Saint Kitts and Nevis,0,4,False,Qualification,Qualification,full_time,False,Saint Kitts and Nevis,"Venue: Nassau, Bahamas"
WorldCupQualifiers,2022,2021-03-27,Republic of Ireland,Luxembourg,0,1,False,Qualification,Qualification,full_time,False,Luxembourg,"Venue: Dublin, Republic of Ireland"
WorldCupQualifiers,2022,2021-03-27,Serbia,Portugal,2,2,False,Qualification,Qualification,full_time,False,,"Venue: Belgrade, Serbia"
WorldCupQualifiers,2022,2021-03-27,Belarus,Estonia,4,2,False,Qualification,Qualification,full_time,False,Belarus,"Venue: Minsk, Belarus"
WorldCupQualifiers,2022,2021-03-27,Czechia,Belgium,1,1,False,Qualification,Qualification,full_time,False,,"Venue: Prague, Czech Republic"
WorldCupQualifiers,2022,2021-03-27,Montenegro,Gibraltar,4,1,False,Qualification,Qualification,full_time,False,Montenegro,"Venue: Podgorica, Montenegro"
WorldCupQualifiers,2022,2021-03-27,Netherlands,Latvia,2,0,False,Qualification,Qualification,full_time,False,Netherlands,"Venue: Amsterdam, Netherlands"
WorldCupQualifiers,2022,2021-03-27,Norway,Turkey,0,3,True,Qualification,Qualification,full_time,False,Turkey,"Venue: Málaga, Spain"
WorldCupQualifiers,2022,2021-03-27,Russia,Slovenia,2,1,False,Qualification,Qualification,full_time,False,Russia,"Venue: Sochi, Russia"
WorldCupQualifiers,2022,2021-03-27,Croatia,Cyprus,1,0,False,Qualification,Qualification,full_time,False,Croatia,"Venue: Rijeka, Croatia"
WorldCupQualifiers,2022,2021-03-27,Slovakia,Malta,2,2,False,Qualification,Qualification,full_time,False,,"Venue: Trnava, Slovakia"
WorldCupQualifiers,2022,2021-03-28,Montserrat,El Salvador,1,1,True,Qualification,Qualification,full_time,False,,"Venue: Willemstad, Curaçao"
WorldCupQualifiers,2022,2021-03-28,Cuba,Curaçao,1,2,True,Qualification,Qualification,full_time,False,Curaçao,"Venue: Guatemala City, Guatemala"
WorldCupQualifiers,2022,2021-03-28,Dominica,Panama,1,2,True,Qualification,Qualification,full_time,False,Panama,"Venue: Santo Domingo, Dominican Republic"
WorldCupQualifiers,2022,2021-03-28,Puerto Rico,Trinidad and Tobago,1,1,False,Qualification,Qualification,full_time,False,,"Venue: Mayagüez, Puerto Rico"
WorldCupQualifiers,2022,2021-03-28,Georgia,Spain,1,2,False,Qualification,Qualification,full_time,False,Spain,"Venue: Tbilisi, Georgia"
WorldCupQualifiers,2022,2021-03-28,Kosovo,Sweden,0,3,False,Qualification,Qualification,full_time,False,Sweden,"Venue: Pristina, Kosovo"
WorldCupQualifiers,2022,2021-03-28,Switzerland,Lithuania,1,0,False,Qualification,Qualification,full_time,False,Switzerland,"Venue: St. Gallen, Switzerland"
WorldCupQualifiers,2022,2021-03-28,Bulgaria,Italy,0,2,False,Qualification,Qualification,full_time,False,Italy,"Venue: Sofia, Bulgaria"
WorldCupQualifiers,2022,2021-03-28,Kazakhstan,France,0,2,False,Qualification,Qualification,full_time,False,France,"Venue: Nur-Sultan, Kazakhstan"
WorldCupQualifiers,2022,2021-03-28,Ukraine,Finland,1,1,False,Qualification,Qualification,full_time,False,,"Venue: Kyiv, Ukraine"
WorldCupQualifiers,2022,2021-03-28,Denmark,Moldova,8,0,False,Qualification,Qualification,full_time,False,Denmark,"Venue: Herning, Denmark"
WorldCupQualifiers,2022,2021-03-28,Austria,Faroe Islands,3,1,False,Qualification,Qualification,full_time,False,Austria,"Venue: Vienna, Austria"
WorldCupQualifiers,2022,2021-03-28,Israel,Scotland,1,1,False,Qualification,Qualification,full_time,False,,"Venue: Tel Aviv, Israel"
WorldCupQualifiers,2022,2021-03-28,Albania,England,0,2,False,Qualification,Qualification,full_time,False,England,"Venue: Tirana, Albania"
WorldCupQualifiers,2022,2021-03-28,Poland,Andorra,3,0,False,Qualification,Qualification,full_time,False,Poland,"Venue: Warsaw, Poland"
WorldCupQualifiers,2022,2021-03-28,San Marino,Hungary,0,3,False,Qualification,Qualification,full_time,False,Hungary,"Venue: Serravalle, San Marino"
WorldCupQualifiers,2022,2021-03-28,Armenia,Iceland,2,0,False,Qualification,Qualification,full_time,False,Armenia,"Venue: Yerevan, Armenia"
WorldCupQualifiers,2022,2021-03-28,North Macedonia,Liechtenstein,5,0,False,Qualification,Qualification,full_time,False,North Macedonia,"Venue: Skopje, North Macedonia"
WorldCupQualifiers,2022,2021-03-28,Romania,Germany,0,1,False,Qualification,Qualification,full_time,False,Germany,"Venue: Bucharest, Romania"
WorldCupQualifiers,2022,2021-03-29,Cayman Islands,Canada,0,11,True,Qualification,Qualification,full_time,False,Canada,"Venue: Bradenton, United States"
WorldCupQualifiers,2022,2021-03-30,Grenada,United States Virgin Islands,1,0,False,Qualification,Qualification,full_time,False,Grenada,"Venue: St. George's, Grenada"
WorldCupQualifiers,2022,2021-03-30,Bermuda,Aruba,5,0,True,Qualification,Qualification,full_time,False,Bermuda,"Venue: Bradenton, United States"
WorldCupQualifiers,2022,2021-03-30,Saint Vincent and the Grenadines,British Virgin Islands,3,0,True,Qualification,Qualification,full_time,False,Saint Vincent and the Grenadines,"Venue: Willemstad, Curaçao"
WorldCupQualifiers,2022,2021-03-30,Barbados,Anguilla,1,0,True,Qualification,Qualification,full_time,False,Barbados,"Venue: Santo Domingo, Dominican Republic"
WorldCupQualifiers,2022,2021-03-30,Belize,Turks and Caicos Islands,5,0,True,Qualification,Qualification,full_time,False,Belize,"Venue: San Cristóbal, Dominican Republic"
WorldCupQualifiers,2022,2021-03-30,Guyana,Bahamas,4,0,True,Qualification,Qualification,full_time,False,Guyana,"Venue: Santo Domingo, Dominican Republic"
WorldCupQualifiers,2022,2021-03-30,Azerbaijan,Serbia,1,2,False,Qualification,Qualification,full_time,False,Serbia,"Venue: Baku, Azerbaijan"
WorldCupQualifiers,2022,2021-03-30,Luxembourg,Portugal,1,3,False,Qualification,Qualification,full_time,False,Portugal,"Venue: Luxembourg, Luxembourg"
WorldCupQualifiers,2022,2021-03-30,Wales,Czechia,1,0,False,Qualification,Qualification,full_time,False,Wales,"Venue: Cardiff, Wales"
WorldCupQualifiers,2022,2021-03-30,Belgium,Belarus,8,0,False,Qualification,Qualification,full_time,False,Belgium,"Venue: Leuven, Belgium"
WorldCupQualifiers,2022,2021-03-30,Gibraltar,Netherlands,0,7,False,Qualification,Qualification,full_time,False,Netherlands,"Venue: Gibraltar, Gibraltar"
WorldCupQualifiers,2022,2021-03-30,Montenegro,Norway,0,1,False,Qualification,Qualification,full_time,False,Norway,"Venue: Podgorica, Montenegro"
WorldCupQualifiers,2022,2021-03-30,Turkey,Latvia,3,3,False,Qualification,Qualification,full_time,False,,"Venue: Istanbul, Turkey"
WorldCupQualifiers,2022,2021-03-30,Cyprus,Slovenia,1,0,False,Qualification,Qualification,full_time,False,Cyprus,"Venue: Nicosia, Cyprus"
WorldCupQualifiers,2022,2021-03-30,Croatia,Malta,3,0,False,Qualification,Qualification,full_time,False,Croatia,"Venue: Rijeka, Croatia"
WorldCupQualifiers,2022,2021-03-30,Slovakia,Russia,2,1,False,Qualification,Qualification,full_time,False,Slovakia,"Venue: Trnava, Slovakia"
WorldCupQualifiers,2022,2021-03-30,Saudi Arabia,Palestine,5,0,False,Qualification,Qualification,full_time,False,Saudi Arabia,"Venue: Riyadh, Saudi Arabia"
WorldCupQualifiers,2022,2021-03-30,Japan,Mongolia,14,0,False,Qualification,Qualification,full_time,False,Japan,"Venue: Chiba, Japan"
WorldCupQualifiers,2022,2021-03-31,Spain,Kosovo,3,1,False,Qualification,Qualification,full_time,False,Spain,"Venue: Seville, Spain"
WorldCupQualifiers,2022,2021-03-31,Greece,Georgia,1,1,False,Qualification,Qualification,full_time,False,,"Venue: Thessaloniki, Greece"
WorldCupQualifiers,2022,2021-03-31,Northern Ireland,Bulgaria,0,0,False,Qualification,Qualification,full_time,False,,"Venue: Belfast, Northern Ireland"
WorldCupQualifiers,2022,2021-03-31,Lithuania,Italy,0,2,False,Qualification,Qualification,full_time,False,Italy,"Venue: Vilnius, Lithuania"
WorldCupQualifiers,2022,2021-03-31,Bosnia and Herzegovina,France,0,1,False,Qualification,Qualification,full_time,False,France,"Venue: Sarajevo, Bosnia and Herzegovina"
WorldCupQualifiers,2022,2021-03-31,Ukraine,Kazakhstan,1,1,False,Qualification,Qualification,full_time,False,,"Venue: Kyiv, Ukraine"
WorldCupQualifiers,2022,2021-03-31,Scotland,Faroe Islands,4,0,False,Qualification,Qualification,full_time,False,Scotland,"Venue: Glasgow, Scotland"
WorldCupQualifiers,2022,2021-03-31,Austria,Denmark,0,4,False,Qualification,Qualification,full_time,False,Denmark,"Venue: Vienna, Austria"
WorldCupQualifiers,2022,2021-03-31,Moldova,Israel,1,4,False,Qualification,Qualification,full_time,False,Israel,"Venue: Chișinău, Moldova"
WorldCupQualifiers,2022,2021-03-31,England,Poland,2,1,False,Qualification,Qualification,full_time,False,England,"Venue: London, England"
WorldCupQualifiers,2022,2021-03-31,Andorra,Hungary,1,4,False,Qualification,Qualification,full_time,False,Hungary,"Venue: Andorra la Vella, Andorra"
WorldCupQualifiers,2022,2021-03-31,San Marino,Albania,0,2,False,Qualification,Qualification,full_time,False,Albania,"Venue: Serravalle, San Marino"
WorldCupQualifiers,2022,2021-03-31,Armenia,Romania,3,2,False,Qualification,Qualification,full_time,False,Armenia,"Venue: Yerevan, Armenia"
WorldCupQualifiers,2022,2021-03-31,Germany,North Macedonia,1,2,False,Qualification,Qualification,full_time,False,North Macedonia,"Venue: Duisburg, Germany"
WorldCupQualifiers,2022,2021-03-31,Liechtenstein,Iceland,1,4,False,Qualification,Qualification,full_time,False,Iceland,"Venue: Vaduz, Liechtenstein"
WorldCupQualifiers,2022,2021-05-28,Japan,Myanmar,10,0,False,Qualification,Qualification,full_time,False,Japan,"Venue: Chiba, Japan"
WorldCupQualifiers,2022,2021-05-30,China PR,Guam,7,0,False,Qualification,Qualification,full_time,False,China PR,"Venue: Suzhou, China PR"
WorldCupQualifiers,2022,2021-06-02,Montserrat,United States Virgin Islands,4,0,True,Qualification,Qualification,full_time,False,Montserrat,"Venue: San Cristóbal, Dominican Republic"
WorldCupQualifiers,2022,2021-06-02,Cayman Islands,Aruba,1,3,True,Qualification,Qualification,full_time,False,Aruba,"Venue: Bradenton, United States"
WorldCupQualifiers,2022,2021-06-02,Cuba,British Virgin Islands,5,0,True,Qualification,Qualification,full_time,False,Cuba,"Venue: Guatemala City, Guatemala"
WorldCupQualifiers,2022,2021-06-02,Dominica,Anguilla,3,0,True,Qualification,Qualification,full_time,False,Dominica,"Venue: Santo Domingo, Dominican Republic"
WorldCupQualifiers,2022,2021-06-02,Puerto Rico,Bahamas,7,0,False,Qualification,Qualification,full_time,False,Puerto Rico,"Venue: Mayagüez, Puerto Rico"
WorldCupQualifiers,2022,2021-06-03,Nepal,Taiwan,2,0,True,Qualification,Qualification,full_time,False,Nepal,"Venue: Kuwait City, Kuwait"
WorldCupQualifiers,2022,2021-06-03,Iran,Hong Kong,3,1,False,Qualification,Qualification,full_time,False,Iran,"Venue: Arad, Iran"
WorldCupQualifiers,2022,2021-06-03,Bahrain,Cambodia,8,0,False,Qualification,Qualification,full_time,False,Bahrain,"Venue: Riffa, Bahrain"
WorldCupQualifiers,2022,2021-06-03,Palestine,Singapore,4,0,True,Qualification,Qualification,full_time,False,Palestine,"Venue: Riyadh, Saudi Arabia"
WorldCupQualifiers,2022,2021-06-03,Bangladesh,Afghanistan,1,1,True,Qualification,Qualification,full_time,False,,"Venue: Doha, Qatar"
WorldCupQualifiers,2022,2021-06-03,United Arab Emirates,Malaysia,4,0,False,Qualification,Qualification,full_time,False,United Arab Emirates,"Venue: Dubai, United Arab Emirates"
WorldCupQualifiers,2022,2021-06-03,Thailand,Indonesia,2,2,True,Qualification,Qualification,full_time,False,,"Venue: Dubai, United Arab Emirates"
WorldCupQualifiers,2022,2021-06-03,Bolivia,Venezuela,3,1,False,Qualification,Qualification,full_time,False,Bolivia,"Venue: La Paz, Bolivia"
WorldCupQualifiers,2022,2021-06-03,Uruguay,Paraguay,0,0,False,Qualification,Qualification,full_time,False,,"Venue: Montevideo, Uruguay"
WorldCupQualifiers,2022,2021-06-03,Argentina,Chile,1,1,False,Qualification,Qualification,full_time,False,,"Venue: Santiago del Estero, Argentina"
WorldCupQualifiers,2022,2021-06-03,Peru,Colombia,0,3,False,Qualification,Qualification,full_time,False,Colombia,"Venue: Lima, Peru"
WorldCupQualifiers,2022,2021-06-03,Kuwait,Australia,0,3,False,Qualification,Qualification,full_time,False,Australia,"Venue: Kuwait City, Kuwait"
WorldCupQualifiers,2022,2021-06-03,Qatar,India,1,0,False,Qualification,Qualification,full_time,False,Qatar,"Venue: Doha, Qatar"
WorldCupQualifiers,2022,2021-06-04,Maldives,Syria,0,4,True,Qualification,Qualification,full_time,False,Syria,"Venue: Sharjah, United Arab Emirates"
WorldCupQualifiers,2022,2021-06-04,Antigua and Barbuda,Grenada,1,0,False,Qualification,Qualification,full_time,False,Antigua and Barbuda,"Venue: North Sound, Antigua and Barbuda"
WorldCupQualifiers,2022,2021-06-04,Suriname,Bermuda,6,0,False,Qualification,Qualification,full_time,False,Suriname,"Venue: Paramaribo, Suriname"
WorldCupQualifiers,2022,2021-06-04,Guatemala,Saint Vincent and the Grenadines,10,0,False,Qualification,Qualification,full_time,False,Guatemala,"Venue: Guatemala City, Guatemala"
WorldCupQualifiers,2022,2021-06-04,Dominican Republic,Barbados,1,1,False,Qualification,Qualification,full_time,False,,"Venue: Santo Domingo, Dominican Republic"
WorldCupQualifiers,2022,2021-06-04,Nicaragua,Belize,3,0,False,Qualification,Qualification,full_time,False,Nicaragua,"Venue: Managua, Nicaragua"
WorldCupQualifiers,2022,2021-06-04,Saint Kitts and Nevis,Guyana,3,0,False,Qualification,Qualification,full_time,False,Saint Kitts and Nevis,"Venue: Basseterre, Saint Kitts and Nevis"
WorldCupQualifiers,2022,2021-06-04,Brazil,Ecuador,2,0,False,Qualification,Qualification,full_time,False,Brazil,"Venue: Porto Alegre, Brazil"
WorldCupQualifiers,2022,2021-06-05,Saudi Arabia,Yemen,3,0,False,Qualification,Qualification,full_time,False,Saudi Arabia,"Venue: Riyadh, Saudi Arabia"
WorldCupQualifiers,2022,2021-06-05,Lebanon,Sri Lanka,3,2,True,Qualification,Qualification,full_time,False,Lebanon,"Venue: Goyang, South Korea"
WorldCupQualifiers,2022,2021-06-05,South Korea,Turkmenistan,5,0,False,Qualification,Qualification,full_time,False,South Korea,"Venue: Goyang, South Korea"
WorldCupQualifiers,2022,2021-06-05,United States Virgin Islands,El Salvador,0,7,False,Qualification,Qualification,full_time,False,El Salvador,"Venue: Saint Croix, United States Virgin Islands"
WorldCupQualifiers,2022,2021-06-05,Aruba,Canada,0,7,True,Qualification,Qualification,full_time,False,Canada,"Venue: Bradenton, United States"
WorldCupQualifiers,2022,2021-06-05,British Virgin Islands,Curaçao,0,8,True,Qualification,Qualification,full_time,False,Curaçao,"Venue: Guatemala City, Guatemala"
WorldCupQualifiers,2022,2021-06-05,Panama,Anguilla,13,0,False,Qualification,Qualification,full_time,False,Panama,"Venue: Panama City, Panama"
WorldCupQualifiers,2022,2021-06-05,Turks and Caicos Islands,Haiti,0,10,False,Qualification,Qualification,full_time,False,Haiti,"Venue: Providenciales, Turks and Caicos Islands"
WorldCupQualifiers,2022,2021-06-05,Bahamas,Trinidad and Tobago,0,0,False,Qualification,Qualification,full_time,False,,"Venue: Nassau, Bahamas"
WorldCupQualifiers,2022,2021-06-07,Guam,Syria,0,3,True,Qualification,Qualification,full_time,False,Syria,"Venue: Sharjah, United Arab Emirates"
WorldCupQualifiers,2022,2021-06-07,China PR,Philippines,2,0,True,Qualification,Qualification,full_time,False,China PR,"Venue: Sharjah, United Arab Emirates"
WorldCupQualifiers,2022,2021-06-07,Nepal,Jordan,0,3,True,Qualification,Qualification,full_time,False,Jordan,"Venue: Kuwait City, Kuwait"
WorldCupQualifiers,2022,2021-06-07,Australia,Taiwan,5,1,True,Qualification,Qualification,full_time,False,Australia,"Venue: Kuwait City, Kuwait"
WorldCupQualifiers,2022,2021-06-07,Iraq,Cambodia,4,1,True,Qualification,Qualification,full_time,False,Iraq,"Venue: Arad, Iran"
WorldCupQualifiers,2022,2021-06-07,Uzbekistan,Singapore,5,0,True,Qualification,Qualification,full_time,False,Uzbekistan,"Venue: Riyadh, Saudi Arabia"
WorldCupQualifiers,2022,2021-06-07,Bangladesh,India,0,2,True,Qualification,Qualification,full_time,False,India,"Venue: Doha, Qatar"
WorldCupQualifiers,2022,2021-06-07,Kyrgyzstan,Mongolia,0,1,True,Qualification,Qualification,full_time,False,Mongolia,"Venue: Osaka, Japan"
WorldCupQualifiers,2022,2021-06-07,Japan,Tajikistan,4,1,False,Qualification,Qualification,full_time,False,Japan,"Venue: Suita, Japan"
WorldCupQualifiers,2022,2021-06-07,United Arab Emirates,Thailand,3,1,False,Qualification,Qualification,full_time,False,United Arab Emirates,"Venue: Dubai, United Arab Emirates"
WorldCupQualifiers,2022,2021-06-07,Vietnam,Indonesia,4,0,True,Qualification,Qualification,full_time,False,Vietnam,"Venue: Dubai, United Arab Emirates"
WorldCupQualifiers,2022,2021-06-07,Bahrain,Iran,0,3,False,Qualification,Qualification,full_time,False,Iran,"Venue: Riffa, Bahrain"
WorldCupQualifiers,2022,2021-06-07,Qatar,Oman,1,0,False,Qualification,Qualification,full_time,False,Qatar,"Venue: Doha, Qatar"
WorldCupQualifiers,2022,2021-06-08,Grenada,Montserrat,1,2,False,Qualification,Qualification,full_time,False,Montserrat,"Venue: St. George's, Grenada"
WorldCupQualifiers,2022,2021-06-08,El Salvador,Antigua and Barbuda,3,0,False,Qualification,Qualification,full_time,False,El Salvador,"Venue: San Salvador, El Salvador"
WorldCupQualifiers,2022,2021-06-08,Canada,Suriname,4,0,True,Qualification,Qualification,full_time,False,Canada,"Venue: Bridgeview, United States"
WorldCupQualifiers,2022,2021-06-08,Bermuda,Cayman Islands,1,1,True,Qualification,Qualification,full_time,False,,"Venue: Bradenton, United States"
WorldCupQualifiers,2022,2021-06-08,Saint Vincent and the Grenadines,Cuba,0,1,True,Qualification,Qualification,full_time,False,Cuba,"Venue: St. George's, Grenada"
WorldCupQualifiers,2022,2021-06-08,Curaçao,Guatemala,0,0,False,Qualification,Qualification,full_time,False,,"Venue: Willemstad, Curaçao"
WorldCupQualifiers,2022,2021-06-08,Barbados,Dominica,1,1,True,Qualification,Qualification,full_time,False,,"Venue: Santo Domingo, Dominican Republic"
WorldCupQualifiers,2022,2021-06-08,Panama,Dominican Republic,3,0,False,Qualification,Qualification,full_time,False,Panama,"Venue: Panama City, Panama"
WorldCupQualifiers,2022,2021-06-08,Haiti,Nicaragua,1,0,False,Qualification,Qualification,full_time,False,Haiti,"Venue: Port-au-Prince, Haiti"
WorldCupQualifiers,2022,2021-06-08,Guyana,Puerto Rico,0,2,True,Qualification,Qualification,full_time,False,Puerto Rico,"Venue: Basseterre, Saint Kitts and Nevis"
WorldCupQualifiers,2022,2021-06-08,Trinidad and Tobago,Saint Kitts and Nevis,2,0,True,Qualification,Qualification,full_time,False,Trinidad and Tobago,"Venue: Santo Domingo, Dominican Republic"
WorldCupQualifiers,2022,2021-06-08,Ecuador,Peru,1,2,False,Qualification,Qualification,full_time,False,Peru,"Venue: Quito, Ecuador"
WorldCupQualifiers,2022,2021-06-08,Colombia,Argentina,2,2,False,Qualification,Qualification,full_time,False,,"Venue: Barranquilla, Colombia"
WorldCupQualifiers,2022,2021-06-08,Venezuela,Uruguay,0,0,False,Qualification,Qualification,full_time,False,,"Venue: Caracas, Venezuela"
WorldCupQualifiers,2022,2021-06-08,Paraguay,Brazil,0,2,False,Qualification,Qualification,full_time,False,Brazil,"Venue: Asunción, Paraguay"
WorldCupQualifiers,2022,2021-06-08,Chile,Bolivia,1,1,False,Qualification,Qualification,full_time,False,,"Venue: Santiago, Chile"
WorldCupQualifiers,2022,2021-06-09,Turkmenistan,Lebanon,3,2,True,Qualification,Qualification,full_time,False,Turkmenistan,"Venue: Goyang, South Korea"
WorldCupQualifiers,2022,2021-06-09,South Korea,Sri Lanka,5,0,False,Qualification,Qualification,full_time,False,South Korea,"Venue: Goyang, South Korea"
WorldCupQualifiers,2022,2021-06-11,Philippines,Guam,3,0,True,Qualification,Qualification,full_time,False,Philippines,"Venue: Sharjah, United Arab Emirates"
WorldCupQualifiers,2022,2021-06-11,China PR,Maldives,5,0,True,Qualification,Qualification,full_time,False,China PR,"Venue: Sharjah, United Arab Emirates"
WorldCupQualifiers,2022,2021-06-11,Nepal,Australia,0,3,True,Qualification,Qualification,full_time,False,Australia,"Venue: Kuwait City, Kuwait"
WorldCupQualifiers,2022,2021-06-11,Kuwait,Jordan,0,0,False,Qualification,Qualification,full_time,False,,"Venue: Kuwait City, Kuwait"
WorldCupQualifiers,2022,2021-06-11,Cambodia,Iran,0,10,True,Qualification,Qualification,full_time,False,Iran,"Venue: Isa Town, Bahrain"
WorldCupQualifiers,2022,2021-06-11,Hong Kong,Iraq,0,1,True,Qualification,Qualification,full_time,False,Iraq,"Venue: Arad, Iran"
WorldCupQualifiers,2022,2021-06-11,Yemen,Uzbekistan,0,1,True,Qualification,Qualification,full_time,False,Uzbekistan,"Venue: Riyadh, Saudi Arabia"
WorldCupQualifiers,2022,2021-06-11,Afghanistan,Oman,1,2,True,Qualification,Qualification,full_time,False,Oman,"Venue: Doha, Qatar"
WorldCupQualifiers,2022,2021-06-11,Myanmar,Kyrgyzstan,1,8,True,Qualification,Qualification,full_time,False,Kyrgyzstan,"Venue: Osaka, Japan"
WorldCupQualifiers,2022,2021-06-11,Malaysia,Vietnam,1,2,True,Qualification,Qualification,full_time,False,Vietnam,"Venue: Dubai, United Arab Emirates"
WorldCupQualifiers,2022,2021-06-11,Saudi Arabia,Singapore,3,0,False,Qualification,Qualification,full_time,False,Saudi Arabia,"Venue: Riyadh, Saudi Arabia"
WorldCupQualifiers,2022,2021-06-11,United Arab Emirates,Indonesia,5,0,False,Qualification,Qualification,full_time,False,United Arab Emirates,"Venue: Dubai, United Arab Emirates"
WorldCupQualifiers,2022,2021-06-12,Haiti,Canada,0,1,False,Qualification,Qualification,full_time,False,Canada,"Venue: Port-au-Prince, Haiti"
WorldCupQualifiers,2022,2021-06-12,Panama,Curaçao,2,1,False,Qualification,Qualification,full_time,False,Panama,"Venue: Panama City, Panama"
WorldCupQualifiers,2022,2021-06-12,Saint Kitts and Nevis,El Salvador,0,4,False,Qualification,Qualification,full_time,False,El Salvador,"Venue: Basseterre, Saint Kitts and Nevis"
WorldCupQualifiers,2022,2021-06-13,South Korea,Lebanon,2,1,False,Qualification,Qualification,full_time,False,South Korea,"Venue: Goyang, South Korea"
WorldCupQualifiers,2022,2021-06-15,Philippines,Maldives,1,1,True,Qualification,Qualification,full_time,False,,"Venue: Suzhou, China PR"
WorldCupQualifiers,2022,2021-06-15,China PR,Syria,3,1,False,Qualification,Qualification,full_time,False,China PR,"Venue: Suzhou, China PR"
WorldCupQualifiers,2022,2021-06-15,Australia,Jordan,1,0,True,Qualification,Qualification,full_time,False,Australia,"Venue: Kuwait City, Kuwait"
WorldCupQualifiers,2022,2021-06-15,Bahrain,Hong Kong,4,0,False,Qualification,Qualification,full_time,False,Bahrain,"Venue: Riffa, Bahrain"
WorldCupQualifiers,2022,2021-06-15,Iran,Iraq,1,0,False,Qualification,Qualification,full_time,False,Iran,"Venue: Arad, Iran"
WorldCupQualifiers,2022,2021-06-15,Palestine,Yemen,3,0,True,Qualification,Qualification,full_time,False,Palestine,"Venue: Riyadh, Saudi Arabia"
WorldCupQualifiers,2022,2021-06-15,Saudi Arabia,Uzbekistan,3,0,False,Qualification,Qualification,full_time,False,Saudi Arabia,"Venue: Riyadh, Saudi Arabia"
WorldCupQualifiers,2022,2021-06-15,Bangladesh,Oman,0,3,True,Qualification,Qualification,full_time,False,Oman,"Venue: Doha, Qatar"
WorldCupQualifiers,2022,2021-06-15,India,Afghanistan,1,1,True,Qualification,Qualification,full_time,False,,"Venue: Doha, Qatar"
WorldCupQualifiers,2022,2021-06-15,Tajikistan,Myanmar,4,0,True,Qualification,Qualification,full_time,False,Tajikistan,"Venue: Osaka, Japan"
WorldCupQualifiers,2022,2021-06-15,Japan,Kyrgyzstan,5,1,False,Qualification,Qualification,full_time,False,Japan,"Venue: Suita, Japan"
WorldCupQualifiers,2022,2021-06-15,Thailand,Malaysia,0,1,True,Qualification,Qualification,full_time,False,Malaysia,"Venue: Dubai, United Arab Emirates"
WorldCupQualifiers,2022,2021-06-15,United Arab Emirates,Vietnam,3,2,False,Qualification,Qualification,full_time,False,United Arab Emirates,"Venue: Dubai, United Arab Emirates"
WorldCupQualifiers,2022,2021-06-15,Canada,Haiti,3,0,True,Qualification,Qualification,full_time,False,Canada,"Venue: Bridgeview, United States"
WorldCupQualifiers,2022,2021-06-15,Curaçao,Panama,0,0,False,Qualification,Qualification,full_time,False,,"Venue: Willemstad, Curaçao"
WorldCupQualifiers,2022,2021-06-15,El Salvador,Saint Kitts and Nevis,2,0,False,Qualification,Qualification,full_time,False,El Salvador,"Venue: San Salvador, El Salvador"
WorldCupQualifiers,2022,2021-06-15,Kuwait,Taiwan,2,1,False,Qualification,Qualification,full_time,False,Kuwait,"Venue: Kuwait City, Kuwait"
WorldCupQualifiers,2022,2021-09-01,Central African Republic,Cabo Verde,1,1,True,Qualification,Qualification,full_time,False,,"Venue: Douala, Cameroon"
WorldCupQualifiers,2022,2021-09-01,Mali,Rwanda,1,0,True,Qualification,Qualification,full_time,False,Mali,"Venue: Agadir, Morocco"
WorldCupQualifiers,2022,2021-09-01,Egypt,Angola,1,0,False,Qualification,Qualification,full_time,False,Egypt,"Venue: Cairo, Egypt"
WorldCupQualifiers,2022,2021-09-01,Libya,Gabon,2,1,False,Qualification,Qualification,full_time,False,Libya,"Venue: Benina, Libya"
WorldCupQualifiers,2022,2021-09-01,Senegal,Togo,2,0,False,Qualification,Qualification,full_time,False,Senegal,"Venue: Thiès, Senegal"
WorldCupQualifiers,2022,2021-09-01,Guinea-Bissau,Guinea,1,1,True,Qualification,Qualification,full_time,False,,"Venue: Nouakchott, Mauritania"
WorldCupQualifiers,2022,2021-09-01,Portugal,Republic of Ireland,2,1,False,Qualification,Qualification,full_time,False,Portugal,"Venue: Faro-Loulé, Portugal"
WorldCupQualifiers,2022,2021-09-01,Luxembourg,Azerbaijan,2,1,False,Qualification,Qualification,full_time,False,Luxembourg,"Venue: Luxembourg, Luxembourg"
WorldCupQualifiers,2022,2021-09-01,Kazakhstan,Ukraine,2,2,False,Qualification,Qualification,full_time,False,,"Venue: Nur-Sultan, Kazakhstan"
WorldCupQualifiers,2022,2021-09-01,France,Bosnia and Herzegovina,1,1,False,Qualification,Qualification,full_time,False,,"Venue: Strasbourg, France"
WorldCupQualifiers,2022,2021-09-01,Faroe Islands,Israel,0,4,False,Qualification,Qualification,full_time,False,Israel,"Venue: Tórshavn, Faroe Islands"
WorldCupQualifiers,2022,2021-09-01,Denmark,Scotland,2,0,False,Qualification,Qualification,full_time,False,Denmark,"Venue: Copenhagen, Denmark"
WorldCupQualifiers,2022,2021-09-01,Moldova,Austria,0,2,False,Qualification,Qualification,full_time,False,Austria,"Venue: Chișinău, Moldova"
WorldCupQualifiers,2022,2021-09-01,Norway,Netherlands,1,1,False,Qualification,Qualification,full_time,False,,"Venue: Oslo, Norway"
WorldCupQualifiers,2022,2021-09-01,Latvia,Gibraltar,3,1,False,Qualification,Qualification,full_time,False,Latvia,"Venue: Riga, Latvia"
WorldCupQualifiers,2022,2021-09-01,Turkey,Montenegro,2,2,False,Qualification,Qualification,full_time,False,,"Venue: Istanbul, Turkey"
WorldCupQualifiers,2022,2021-09-01,Malta,Cyprus,3,0,False,Qualification,Qualification,full_time,False,Malta,"Venue: Ta' Qali, Malta"
WorldCupQualifiers,2022,2021-09-01,Slovenia,Slovakia,1,1,False,Qualification,Qualification,full_time,False,,"Venue: Ljubljana, Slovenia"
WorldCupQualifiers,2022,2021-09-01,Russia,Croatia,0,0,False,Qualification,Qualification,full_time,False,,"Venue: Moscow, Russia"
WorldCupQualifiers,2022,2021-09-02,Niger,Burkina Faso,0,2,True,Qualification,Qualification,full_time,False,Burkina Faso,"Venue: Marrakech, Morocco"
WorldCupQualifiers,2022,2021-09-02,Algeria,Djibouti,8,0,False,Qualification,Qualification,full_time,False,Algeria,"Venue: Blida, Algeria"
WorldCupQualifiers,2022,2021-09-02,Kenya,Uganda,0,0,False,Qualification,Qualification,full_time,False,,"Venue: Nairobi, Kenya"
WorldCupQualifiers,2022,2021-09-02,Namibia,Congo,1,1,True,Qualification,Qualification,full_time,False,,"Venue: Johannesburg, South Africa"
WorldCupQualifiers,2022,2021-09-02,Morocco,Sudan,2,0,False,Qualification,Qualification,full_time,False,Morocco,"Venue: Rabat, Morocco"
WorldCupQualifiers,2022,2021-09-02,DR Congo,Tanzania,1,1,False,Qualification,Qualification,full_time,False,,"Venue: Lubumbashi, DR Congo"
WorldCupQualifiers,2022,2021-09-02,Madagascar,Benin,0,1,False,Qualification,Qualification,full_time,False,Benin,"Venue: Antananarivo, Madagascar"
WorldCupQualifiers,2022,2021-09-02,South Korea,Iraq,0,0,False,Qualification,Qualification,full_time,False,,"Venue: Seoul, South Korea"
WorldCupQualifiers,2022,2021-09-02,Iran,Syria,1,0,False,Qualification,Qualification,full_time,False,Iran,"Venue: Tehran, Iran"
WorldCupQualifiers,2022,2021-09-02,United Arab Emirates,Lebanon,0,0,False,Qualification,Qualification,full_time,False,,"Venue: Dubai, United Arab Emirates"
WorldCupQualifiers,2022,2021-09-02,Japan,Oman,0,1,False,Qualification,Qualification,full_time,False,Oman,"Venue: Suita, Japan"
WorldCupQualifiers,2022,2021-09-02,Australia,China PR,3,0,True,Qualification,Qualification,full_time,False,Australia,"Venue: Doha, Qatar"
WorldCupQualifiers,2022,2021-09-02,Saudi Arabia,Vietnam,3,1,False,Qualification,Qualification,full_time,False,Saudi Arabia,"Venue: Riyadh, Saudi Arabia"
WorldCupQualifiers,2022,2021-09-02,Georgia,Kosovo,0,1,False,Qualification,Qualification,full_time,False,Kosovo,"Venue: Batumi, Georgia"
WorldCupQualifiers,2022,2021-09-02,Sweden,Spain,2,1,False,Qualification,Qualification,full_time,False,Sweden,"Venue: Stockholm, Sweden"
WorldCupQualifiers,2022,2021-09-02,Italy,Bulgaria,1,1,False,Qualification,Qualification,full_time,False,,"Venue: Florence, Italy"
WorldCupQualifiers,2022,2021-09-02,Lithuania,Northern Ireland,1,4,False,Qualification,Qualification,full_time,False,Northern Ireland,"Venue: Vilnius, Lithuania"
WorldCupQualifiers,2022,2021-09-02,Czechia,Belarus,1,0,False,Qualification,Qualification,full_time,False,Czechia,"Venue: Ostrava, Czech Republic"
WorldCupQualifiers,2022,2021-09-02,Estonia,Belgium,2,5,False,Qualification,Qualification,full_time,False,Belgium,"Venue: Tallinn, Estonia"
WorldCupQualifiers,2022,2021-09-02,Andorra,San Marino,2,0,False,Qualification,Qualification,full_time,False,Andorra,"Venue: Andorra la Vella, Andorra"
WorldCupQualifiers,2022,2021-09-02,Hungary,England,0,4,False,Qualification,Qualification,full_time,False,England,"Venue: Budapest, Hungary"
WorldCupQualifiers,2022,2021-09-02,Poland,Albania,4,1,False,Qualification,Qualification,full_time,False,Poland,"Venue: Warsaw, Poland"
WorldCupQualifiers,2022,2021-09-02,Iceland,Romania,0,2,False,Qualification,Qualification,full_time,False,Romania,"Venue: Reykjavík, Iceland"
WorldCupQualifiers,2022,2021-09-02,Liechtenstein,Germany,0,2,True,Qualification,Qualification,full_time,False,Germany,"Venue: St. Gallen, Switzerland"
WorldCupQualifiers,2022,2021-09-02,North Macedonia,Armenia,0,0,False,Qualification,Qualification,full_time,False,,"Venue: Skopje, North Macedonia"
WorldCupQualifiers,2022,2021-09-02,Bolivia,Colombia,1,1,False,Qualification,Qualification,full_time,False,,"Venue: La Paz, Bolivia"
WorldCupQualifiers,2022,2021-09-02,Ecuador,Paraguay,2,0,False,Qualification,Qualification,full_time,False,Ecuador,"Venue: Quito, Ecuador"
WorldCupQualifiers,2022,2021-09-02,Peru,Uruguay,1,1,False,Qualification,Qualification,full_time,False,,"Venue: Lima, Peru"
WorldCupQualifiers,2022,2021-09-02,Venezuela,Argentina,1,3,False,Qualification,Qualification,full_time,False,Argentina,"Venue: Caracas, Venezuela"
WorldCupQualifiers,2022,2021-09-02,Chile,Brazil,0,1,False,Qualification,Qualification,full_time,False,Brazil,"Venue: Santiago, Chile"
WorldCupQualifiers,2022,2021-09-02,Canada,Honduras,1,1,False,Qualification,Qualification,full_time,False,,"Venue: Toronto, Canada"
WorldCupQualifiers,2022,2021-09-02,El Salvador,United States,0,0,False,Qualification,Qualification,full_time,False,,"Venue: San Salvador, El Salvador"
WorldCupQualifiers,2022,2021-09-02,Panama,Costa Rica,0,0,False,Qualification,Qualification,full_time,False,,"Venue: Panama City, Panama"
WorldCupQualifiers,2022,2021-09-02,Mexico,Jamaica,2,1,False,Qualification,Qualification,full_time,False,Mexico,"Venue: Mexico City, Mexico"
WorldCupQualifiers,2022,2021-09-03,Mauritania,Zambia,1,2,False,Qualification,Qualification,full_time,False,Zambia,"Venue: Nouakchott, Mauritania"
WorldCupQualifiers,2022,2021-09-03,Tunisia,Equatorial Guinea,3,0,False,Qualification,Qualification,full_time,False,Tunisia,"Venue: Radès, Tunisia"
WorldCupQualifiers,2022,2021-09-03,Nigeria,Liberia,2,0,False,Qualification,Qualification,full_time,False,Nigeria,"Venue: Lagos, Nigeria"
WorldCupQualifiers,2022,2021-09-03,Mozambique,Ivory Coast,0,0,False,Qualification,Qualification,full_time,False,,"Venue: Maputo, Mozambique"
WorldCupQualifiers,2022,2021-09-03,Cameroon,Malawi,2,0,False,Qualification,Qualification,full_time,False,Cameroon,"Venue: Yaoundé, Cameroon"
WorldCupQualifiers,2022,2021-09-03,Zimbabwe,South Africa,0,0,False,Qualification,Qualification,full_time,False,,"Venue: Harare, Zimbabwe"
WorldCupQualifiers,2022,2021-09-03,Ghana,Ethiopia,1,0,False,Qualification,Qualification,full_time,False,Ghana,"Venue: Cape Coast, Ghana"
WorldCupQualifiers,2022,2021-09-04,Republic of Ireland,Azerbaijan,1,1,False,Qualification,Qualification,full_time,False,,"Venue: Dublin, Republic of Ireland"
WorldCupQualifiers,2022,2021-09-04,Serbia,Luxembourg,4,1,False,Qualification,Qualification,full_time,False,Serbia,"Venue: Belgrade, Serbia"
WorldCupQualifiers,2022,2021-09-04,Finland,Kazakhstan,1,0,False,Qualification,Qualification,full_time,False,Finland,"Venue: Helsinki, Finland"
WorldCupQualifiers,2022,2021-09-04,Ukraine,France,1,1,False,Qualification,Qualification,full_time,False,,"Venue: Kyiv, Ukraine"
WorldCupQualifiers,2022,2021-09-04,Faroe Islands,Denmark,0,1,False,Qualification,Qualification,full_time,False,Denmark,"Venue: Tórshavn, Faroe Islands"
WorldCupQualifiers,2022,2021-09-04,Scotland,Moldova,1,0,False,Qualification,Qualification,full_time,False,Scotland,"Venue: Glasgow, Scotland"
WorldCupQualifiers,2022,2021-09-04,Israel,Austria,5,2,False,Qualification,Qualification,full_time,False,Israel,"Venue: Haifa, Israel"
WorldCupQualifiers,2022,2021-09-04,Latvia,Norway,0,2,False,Qualification,Qualification,full_time,False,Norway,"Venue: Riga, Latvia"
WorldCupQualifiers,2022,2021-09-04,Gibraltar,Turkey,0,3,False,Qualification,Qualification,full_time,False,Turkey,"Venue: Gibraltar, Gibraltar"
WorldCupQualifiers,2022,2021-09-04,Netherlands,Montenegro,4,0,False,Qualification,Qualification,full_time,False,Netherlands,"Venue: Eindhoven, Netherlands"
WorldCupQualifiers,2022,2021-09-04,Slovenia,Malta,1,0,False,Qualification,Qualification,full_time,False,Slovenia,"Venue: Ljubljana, Slovenia"
WorldCupQualifiers,2022,2021-09-04,Cyprus,Russia,0,2,False,Qualification,Qualification,full_time,False,Russia,"Venue: Nicosia, Cyprus"
WorldCupQualifiers,2022,2021-09-04,Slovakia,Croatia,0,1,False,Qualification,Qualification,full_time,False,Croatia,"Venue: Bratislava, Slovakia"
WorldCupQualifiers,2022,2021-09-05,Rwanda,Kenya,1,1,False,Qualification,Qualification,full_time,False,,"Venue: Kigali, Rwanda"
WorldCupQualifiers,2022,2021-09-05,Gabon,Egypt,1,1,False,Qualification,Qualification,full_time,False,,"Venue: Franceville, Gabon"
WorldCupQualifiers,2022,2021-09-05,Togo,Namibia,0,1,False,Qualification,Qualification,full_time,False,Namibia,"Venue: Lomé, Togo"
WorldCupQualifiers,2022,2021-09-05,Kosovo,Greece,1,1,False,Qualification,Qualification,full_time,False,,"Venue: Pristina, Kosovo"
WorldCupQualifiers,2022,2021-09-05,Spain,Georgia,4,0,False,Qualification,Qualification,full_time,False,Spain,"Venue: Badajoz, Spain"
WorldCupQualifiers,2022,2021-09-05,Bulgaria,Lithuania,1,0,False,Qualification,Qualification,full_time,False,Bulgaria,"Venue: Sofia, Bulgaria"
WorldCupQualifiers,2022,2021-09-05,Switzerland,Italy,0,0,False,Qualification,Qualification,full_time,False,,"Venue: Basel, Switzerland"
WorldCupQualifiers,2022,2021-09-05,Belarus,Wales,2,3,True,Qualification,Qualification,full_time,False,Wales,"Venue: Kazan, Russia"
WorldCupQualifiers,2022,2021-09-05,Belgium,Czechia,3,0,False,Qualification,Qualification,full_time,False,Belgium,"Venue: Brussels, Belgium"
WorldCupQualifiers,2022,2021-09-05,England,Andorra,4,0,False,Qualification,Qualification,full_time,False,England,"Venue: London, England"
WorldCupQualifiers,2022,2021-09-05,Albania,Hungary,1,0,False,Qualification,Qualification,full_time,False,Albania,"Venue: Elbasan, Albania"
WorldCupQualifiers,2022,2021-09-05,San Marino,Poland,1,7,False,Qualification,Qualification,full_time,False,Poland,"Venue: Serravalle, San Marino"
WorldCupQualifiers,2022,2021-09-05,Iceland,North Macedonia,2,2,False,Qualification,Qualification,full_time,False,,"Venue: Reykjavík, Iceland"
WorldCupQualifiers,2022,2021-09-05,Germany,Armenia,6,0,False,Qualification,Qualification,full_time,False,Germany,"Venue: Stuttgart, Germany"
WorldCupQualifiers,2022,2021-09-05,Romania,Liechtenstein,2,0,False,Qualification,Qualification,full_time,False,Romania,"Venue: Bucharest, Romania"
WorldCupQualifiers,2022,2021-09-05,Ecuador,Chile,0,0,False,Qualification,Qualification,full_time,False,,"Venue: Quito, Ecuador"
WorldCupQualifiers,2022,2021-09-05,Paraguay,Colombia,1,1,False,Qualification,Qualification,full_time,False,,"Venue: Asunción, Paraguay"
WorldCupQualifiers,2022,2021-09-05,Uruguay,Bolivia,4,2,False,Qualification,Qualification,full_time,False,Uruguay,"Venue: Montevideo, Uruguay"
WorldCupQualifiers,2022,2021-09-05,Peru,Venezuela,1,0,False,Qualification,Qualification,full_time,False,Peru,"Venue: Lima, Peru"
WorldCupQualifiers,2022,2021-09-05,Costa Rica,Mexico,0,1,False,Qualification,Qualification,full_time,False,Mexico,"Venue: San José, Costa Rica"
WorldCupQualifiers,2022,2021-09-05,El Salvador,Honduras,0,0,False,Qualification,Qualification,full_time,False,,"Venue: San Salvador, El Salvador"
WorldCupQualifiers,2022,2021-09-05,Jamaica,Panama,0,3,False,Qualification,Qualification,full_time,False,Panama,"Venue: Kingston, Jamaica"
WorldCupQualifiers,2022,2021-09-05,United States,Canada,1,1,False,Qualification,Qualification,full_time,False,,"Venue: Nashville, United States"
WorldCupQualifiers,2022,2021-09-06,Djibouti,Niger,2,4,True,Qualification,Qualification,full_time,False,Niger,"Venue: Rabat, Morocco"
WorldCupQualifiers,2022,2021-09-06,Liberia,Central African Republic,1,0,True,Qualification,Qualification,full_time,False,Liberia,"Venue: Douala, Cameroon"
WorldCupQualifiers,2022,2021-09-06,Ivory Coast,Cameroon,2,1,False,Qualification,Qualification,full_time,False,Ivory Coast,"Venue: Abidjan, Ivory Coast"
WorldCupQualifiers,2022,2021-09-06,Uganda,Mali,0,0,False,Qualification,Qualification,full_time,False,,"Venue: Entebbe, Uganda"
WorldCupQualifiers,2022,2021-09-06,South Africa,Ghana,1,0,False,Qualification,Qualification,full_time,False,South Africa,"Venue: Johannesburg, South Africa"
WorldCupQualifiers,2022,2021-09-06,Benin,DR Congo,1,1,False,Qualification,Qualification,full_time,False,,"Venue: Cotonou, Benin"
WorldCupQualifiers,2022,2021-09-07,Burkina Faso,Algeria,1,1,True,Qualification,Qualification,full_time,False,,"Venue: Marrakech, Morocco"
WorldCupQualifiers,2022,2021-09-07,Zambia,Tunisia,0,2,False,Qualification,Qualification,full_time,False,Tunisia,"Venue: Ndola, Zambia"
WorldCupQualifiers,2022,2021-09-07,Equatorial Guinea,Mauritania,1,0,False,Qualification,Qualification,full_time,False,Equatorial Guinea,"Venue: Malabo, Equatorial Guinea"
WorldCupQualifiers,2022,2021-09-07,Cabo Verde,Nigeria,1,2,False,Qualification,Qualification,full_time,False,Nigeria,"Venue: Mindelo, Cape Verde"
WorldCupQualifiers,2022,2021-09-07,Malawi,Mozambique,1,0,True,Qualification,Qualification,full_time,False,Malawi,"Venue: Johannesburg, South Africa"
WorldCupQualifiers,2022,2021-09-07,Angola,Libya,0,1,False,Qualification,Qualification,full_time,False,Libya,"Venue: Luanda, Angola"
WorldCupQualifiers,2022,2021-09-07,Ethiopia,Zimbabwe,1,0,False,Qualification,Qualification,full_time,False,Ethiopia,"Venue: Bahir Dar, Ethiopia"
WorldCupQualifiers,2022,2021-09-07,Congo,Senegal,1,3,False,Qualification,Qualification,full_time,False,Senegal,"Venue: Brazzaville, Congo"
WorldCupQualifiers,2022,2021-09-07,Sudan,Guinea-Bissau,2,4,False,Qualification,Qualification,full_time,False,Guinea-Bissau,"Venue: Omdurman, Sudan"
WorldCupQualifiers,2022,2021-09-07,Tanzania,Madagascar,3,2,False,Qualification,Qualification,full_time,False,Tanzania,"Venue: Dar es Salaam, Tanzania"
WorldCupQualifiers,2022,2021-09-07,Syria,United Arab Emirates,1,1,True,Qualification,Qualification,full_time,False,,"Venue: Amman, Jordan"
WorldCupQualifiers,2022,2021-09-07,South Korea,Lebanon,1,0,False,Qualification,Qualification,full_time,False,South Korea,"Venue: Suwon, South Korea"
WorldCupQualifiers,2022,2021-09-07,Iraq,Iran,0,3,True,Qualification,Qualification,full_time,False,Iran,"Venue: Doha, Qatar"
WorldCupQualifiers,2022,2021-09-07,China PR,Japan,0,1,True,Qualification,Qualification,full_time,False,Japan,"Venue: Doha, Qatar"
WorldCupQualifiers,2022,2021-09-07,Vietnam,Australia,0,1,False,Qualification,Qualification,full_time,False,Australia,"Venue: Hanoi, Vietnam"
WorldCupQualifiers,2022,2021-09-07,Oman,Saudi Arabia,0,1,False,Qualification,Qualification,full_time,False,Saudi Arabia,"Venue: Muscat, Oman"
WorldCupQualifiers,2022,2021-09-07,Republic of Ireland,Serbia,1,1,False,Qualification,Qualification,full_time,False,,"Venue: Dublin, Republic of Ireland"
WorldCupQualifiers,2022,2021-09-07,Azerbaijan,Portugal,0,3,False,Qualification,Qualification,full_time,False,Portugal,"Venue: Baku, Azerbaijan"
WorldCupQualifiers,2022,2021-09-07,Bosnia and Herzegovina,Kazakhstan,2,2,False,Qualification,Qualification,full_time,False,,"Venue: Zenica, Bosnia and Herzegovina"
WorldCupQualifiers,2022,2021-09-07,France,Finland,2,0,False,Qualification,Qualification,full_time,False,France,"Venue: Lyon, France"
WorldCupQualifiers,2022,2021-09-07,Faroe Islands,Moldova,2,1,False,Qualification,Qualification,full_time,False,Faroe Islands,"Venue: Tórshavn, Faroe Islands"
WorldCupQualifiers,2022,2021-09-07,Austria,Scotland,0,1,False,Qualification,Qualification,full_time,False,Scotland,"Venue: Vienna, Austria"
WorldCupQualifiers,2022,2021-09-07,Denmark,Israel,5,0,False,Qualification,Qualification,full_time,False,Denmark,"Venue: Copenhagen, Denmark"
WorldCupQualifiers,2022,2021-09-07,Montenegro,Latvia,0,0,False,Qualification,Qualification,full_time,False,,"Venue: Podgorica, Montenegro"
WorldCupQualifiers,2022,2021-09-07,Netherlands,Turkey,6,1,False,Qualification,Qualification,full_time,False,Netherlands,"Venue: Amsterdam, Netherlands"
WorldCupQualifiers,2022,2021-09-07,Norway,Gibraltar,5,1,False,Qualification,Qualification,full_time,False,Norway,"Venue: Oslo, Norway"
WorldCupQualifiers,2022,2021-09-07,Croatia,Slovenia,3,0,False,Qualification,Qualification,full_time,False,Croatia,"Venue: Split, Croatia"
WorldCupQualifiers,2022,2021-09-07,Slovakia,Cyprus,2,0,False,Qualification,Qualification,full_time,False,Slovakia,"Venue: Bratislava, Slovakia"
WorldCupQualifiers,2022,2021-09-07,Russia,Malta,2,0,False,Qualification,Qualification,full_time,False,Russia,"Venue: Moscow, Russia"
WorldCupQualifiers,2022,2021-09-08,Kosovo,Spain,0,2,False,Qualification,Qualification,full_time,False,Spain,"Venue: Pristina, Kosovo"
WorldCupQualifiers,2022,2021-09-08,Greece,Sweden,2,1,False,Qualification,Qualification,full_time,False,Greece,"Venue: Athens, Greece"
WorldCupQualifiers,2022,2021-09-08,Northern Ireland,Switzerland,0,0,False,Qualification,Qualification,full_time,False,,"Venue: Belfast, Northern Ireland"
WorldCupQualifiers,2022,2021-09-08,Italy,Lithuania,5,0,False,Qualification,Qualification,full_time,False,Italy,"Venue: Reggio Emilia, Italy"
WorldCupQualifiers,2022,2021-09-08,Wales,Estonia,0,0,False,Qualification,Qualification,full_time,False,,"Venue: Cardiff, Wales"
WorldCupQualifiers,2022,2021-09-08,Belarus,Belgium,0,1,True,Qualification,Qualification,full_time,False,Belgium,"Venue: Kazan, Russia"
WorldCupQualifiers,2022,2021-09-08,Albania,San Marino,5,0,False,Qualification,Qualification,full_time,False,Albania,"Venue: Elbasan, Albania"
WorldCupQualifiers,2022,2021-09-08,Hungary,Andorra,2,1,False,Qualification,Qualification,full_time,False,Hungary,"Venue: Budapest, Hungary"
WorldCupQualifiers,2022,2021-09-08,Poland,England,1,1,False,Qualification,Qualification,full_time,False,,"Venue: Warsaw, Poland"
WorldCupQualifiers,2022,2021-09-08,Iceland,Germany,0,4,False,Qualification,Qualification,full_time,False,Germany,"Venue: Reykjavík, Iceland"
WorldCupQualifiers,2022,2021-09-08,Armenia,Liechtenstein,1,1,False,Qualification,Qualification,full_time,False,,"Venue: Yerevan, Armenia"
WorldCupQualifiers,2022,2021-09-08,North Macedonia,Romania,0,0,False,Qualification,Qualification,full_time,False,,"Venue: Skopje, North Macedonia"
WorldCupQualifiers,2022,2021-09-08,Costa Rica,Jamaica,1,1,False,Qualification,Qualification,full_time,False,,"Venue: San José, Costa Rica"
WorldCupQualifiers,2022,2021-09-08,Panama,Mexico,1,1,False,Qualification,Qualification,full_time,False,,"Venue: Panama City, Panama"
WorldCupQualifiers,2022,2021-09-08,Canada,El Salvador,3,0,False,Qualification,Qualification,full_time,False,Canada,"Venue: Toronto, Canada"
WorldCupQualifiers,2022,2021-09-08,Honduras,United States,1,4,False,Qualification,Qualification,full_time,False,United States,"Venue: San Pedro Sula, Honduras"
WorldCupQualifiers,2022,2021-09-09,Colombia,Chile,3,1,False,Qualification,Qualification,full_time,False,Colombia,"Venue: Barranquilla, Colombia"
WorldCupQualifiers,2022,2021-09-09,Paraguay,Venezuela,2,1,False,Qualification,Qualification,full_time,False,Paraguay,"Venue: Asunción, Paraguay"
WorldCupQualifiers,2022,2021-09-09,Uruguay,Ecuador,1,0,False,Qualification,Qualification,full_time,False,Uruguay,"Venue: Montevideo, Uruguay"
WorldCupQualifiers,2022,2021-09-09,Argentina,Bolivia,3,0,False,Qualification,Qualification,full_time,False,Argentina,"Venue: Buenos Aires, Argentina"
WorldCupQualifiers,2022,2021-09-09,Brazil,Peru,2,0,False,Qualification,Qualification,full_time,False,Brazil,"Venue: Recife, Brazil"
WorldCupQualifiers,2022,2021-10-06,Sudan,Guinea,1,1,True,Qualification,Qualification,full_time,False,,"Venue: Marrakech, Morocco"
WorldCupQualifiers,2022,2021-10-06,Morocco,Guinea-Bissau,5,0,False,Qualification,Qualification,full_time,False,Morocco,"Venue: Rabat, Morocco"
WorldCupQualifiers,2022,2021-10-07,Iraq,Lebanon,0,0,True,Qualification,Qualification,full_time,False,,"Venue: Doha, Qatar"
WorldCupQualifiers,2022,2021-10-07,South Korea,Syria,2,1,False,Qualification,Qualification,full_time,False,South Korea,"Venue: Ansan, South Korea"
WorldCupQualifiers,2022,2021-10-07,United Arab Emirates,Iran,0,1,False,Qualification,Qualification,full_time,False,Iran,"Venue: Dubai, United Arab Emirates"
WorldCupQualifiers,2022,2021-10-07,Saudi Arabia,Japan,1,0,False,Qualification,Qualification,full_time,False,Saudi Arabia,"Venue: Jeddah, Saudi Arabia"
WorldCupQualifiers,2022,2021-10-07,China PR,Vietnam,3,2,True,Qualification,Qualification,full_time,False,China PR,"Venue: Sharjah, United Arab Emirates"
WorldCupQualifiers,2022,2021-10-07,Australia,Oman,3,1,True,Qualification,Qualification,full_time,False,Australia,"Venue: Doha, Qatar"
WorldCupQualifiers,2022,2021-10-07,Honduras,Costa Rica,0,0,False,Qualification,Qualification,full_time,False,,"Venue: San Pedro Sula, Honduras"
WorldCupQualifiers,2022,2021-10-07,United States,Jamaica,2,0,False,Qualification,Qualification,full_time,False,United States,"Venue: Austin, United States"
WorldCupQualifiers,2022,2021-10-07,El Salvador,Panama,1,0,False,Qualification,Qualification,full_time,False,El Salvador,"Venue: San Salvador, El Salvador"
WorldCupQualifiers,2022,2021-10-07,Mexico,Canada,1,1,False,Qualification,Qualification,full_time,False,,"Venue: Mexico City, Mexico"
WorldCupQualifiers,2022,2021-10-07,Equatorial Guinea,Zambia,2,0,False,Qualification,Qualification,full_time,False,Equatorial Guinea,"Venue: Malabo, Equatorial Guinea"
WorldCupQualifiers,2022,2021-10-07,Tunisia,Mauritania,3,0,False,Qualification,Qualification,full_time,False,Tunisia,"Venue: Radès, Tunisia"
WorldCupQualifiers,2022,2021-10-07,Liberia,Cabo Verde,1,2,True,Qualification,Qualification,full_time,False,Cabo Verde,"Venue: Accra, Ghana"
WorldCupQualifiers,2022,2021-10-07,Nigeria,Central African Republic,0,1,False,Qualification,Qualification,full_time,False,Central African Republic,"Venue: Lagos, Nigeria"
WorldCupQualifiers,2022,2021-10-07,Rwanda,Uganda,0,1,False,Qualification,Qualification,full_time,False,Uganda,"Venue: Kigali, Rwanda"
WorldCupQualifiers,2022,2021-10-07,Mali,Kenya,5,0,True,Qualification,Qualification,full_time,False,Mali,"Venue: Agadir, Morocco"
WorldCupQualifiers,2022,2021-10-07,DR Congo,Madagascar,2,0,False,Qualification,Qualification,full_time,False,DR Congo,"Venue: Kinshasa, DR Congo"
WorldCupQualifiers,2022,2021-10-07,Tanzania,Benin,0,1,False,Qualification,Qualification,full_time,False,Benin,"Venue: Dar es Salaam, Tanzania"
WorldCupQualifiers,2022,2021-10-07,Ecuador,Bolivia,3,0,False,Qualification,Qualification,full_time,False,Ecuador,"Venue: Guayaquil, Ecuador"
WorldCupQualifiers,2022,2021-10-07,Venezuela,Brazil,1,3,False,Qualification,Qualification,full_time,False,Brazil,"Venue: Caracas, Venezuela"
WorldCupQualifiers,2022,2021-10-07,Paraguay,Argentina,0,0,False,Qualification,Qualification,full_time,False,,"Venue: Asunción, Paraguay"
WorldCupQualifiers,2022,2021-10-07,Peru,Chile,2,0,False,Qualification,Qualification,full_time,False,Peru,"Venue: Lima, Peru"
WorldCupQualifiers,2022,2021-10-07,Uruguay,Colombia,0,0,False,Qualification,Qualification,full_time,False,,"Venue: Montevideo, Uruguay"
WorldCupQualifiers,2022,2021-10-08,Czechia,Wales,2,2,False,Qualification,Qualification,full_time,False,,"Venue: Prague, Czech Republic"
WorldCupQualifiers,2022,2021-10-08,Estonia,Belarus,2,0,False,Qualification,Qualification,full_time,False,Estonia,"Venue: Tallinn, Estonia"
WorldCupQualifiers,2022,2021-10-08,Gibraltar,Montenegro,0,3,False,Qualification,Qualification,full_time,False,Montenegro,"Venue: Gibraltar, Gibraltar"
WorldCupQualifiers,2022,2021-10-08,Latvia,Netherlands,0,1,False,Qualification,Qualification,full_time,False,Netherlands,"Venue: Riga, Latvia"
WorldCupQualifiers,2022,2021-10-08,Turkey,Norway,1,1,False,Qualification,Qualification,full_time,False,,"Venue: Istanbul, Turkey"
WorldCupQualifiers,2022,2021-10-08,Malta,Slovenia,0,4,False,Qualification,Qualification,full_time,False,Slovenia,"Venue: Ta' Qali, Malta"
WorldCupQualifiers,2022,2021-10-08,Cyprus,Croatia,0,3,False,Qualification,Qualification,full_time,False,Croatia,"Venue: Larnaca, Cyprus"
WorldCupQualifiers,2022,2021-10-08,Russia,Slovakia,1,0,False,Qualification,Qualification,full_time,False,Russia,"Venue: Kazan, Russia"
WorldCupQualifiers,2022,2021-10-08,Iceland,Armenia,1,1,False,Qualification,Qualification,full_time,False,,"Venue: Reykjavík, Iceland"
WorldCupQualifiers,2022,2021-10-08,Germany,Romania,2,1,False,Qualification,Qualification,full_time,False,Germany,"Venue: Hamburg, Germany"
WorldCupQualifiers,2022,2021-10-08,Liechtenstein,North Macedonia,0,4,False,Qualification,Qualification,full_time,False,North Macedonia,"Venue: Vaduz, Liechtenstein"
WorldCupQualifiers,2022,2021-10-08,Algeria,Niger,6,1,False,Qualification,Qualification,full_time,False,Algeria,"Venue: Algiers, Algeria"
WorldCupQualifiers,2022,2021-10-08,Djibouti,Burkina Faso,0,4,True,Qualification,Qualification,full_time,False,Burkina Faso,"Venue: Marrakech, Morocco"
WorldCupQualifiers,2022,2021-10-08,Malawi,Ivory Coast,0,3,True,Qualification,Qualification,full_time,False,Ivory Coast,"Venue: Johannesburg, South Africa"
WorldCupQualifiers,2022,2021-10-08,Cameroon,Mozambique,3,1,False,Qualification,Qualification,full_time,False,Cameroon,"Venue: Douala, Cameroon"
WorldCupQualifiers,2022,2021-10-08,Angola,Gabon,3,1,False,Qualification,Qualification,full_time,False,Angola,"Venue: Luanda, Angola"
WorldCupQualifiers,2022,2021-10-08,Egypt,Libya,1,0,False,Qualification,Qualification,full_time,False,Egypt,"Venue: Alexandria, Egypt"
WorldCupQualifiers,2022,2021-10-09,Azerbaijan,Republic of Ireland,0,3,False,Qualification,Qualification,full_time,False,Republic of Ireland,"Venue: Baku, Azerbaijan"
WorldCupQualifiers,2022,2021-10-09,Luxembourg,Serbia,0,1,False,Qualification,Qualification,full_time,False,Serbia,"Venue: Luxembourg, Luxembourg"
WorldCupQualifiers,2022,2021-10-09,Sweden,Kosovo,3,0,False,Qualification,Qualification,full_time,False,Sweden,"Venue: Stockholm, Sweden"
WorldCupQualifiers,2022,2021-10-09,Georgia,Greece,0,2,False,Qualification,Qualification,full_time,False,Greece,"Venue: Batumi, Georgia"
WorldCupQualifiers,2022,2021-10-09,Lithuania,Bulgaria,3,1,False,Qualification,Qualification,full_time,False,Lithuania,"Venue: Vilnius, Lithuania"
WorldCupQualifiers,2022,2021-10-09,Switzerland,Northern Ireland,2,0,False,Qualification,Qualification,full_time,False,Switzerland,"Venue: Geneva, Switzerland"
WorldCupQualifiers,2022,2021-10-09,Finland,Ukraine,1,2,False,Qualification,Qualification,full_time,False,Ukraine,"Venue: Helsinki, Finland"
WorldCupQualifiers,2022,2021-10-09,Kazakhstan,Bosnia and Herzegovina,0,2,False,Qualification,Qualification,full_time,False,Bosnia and Herzegovina,"Venue: Nur-Sultan, Kazakhstan"
WorldCupQualifiers,2022,2021-10-09,Scotland,Israel,3,2,False,Qualification,Qualification,full_time,False,Scotland,"Venue: Glasgow, Scotland"
WorldCupQualifiers,2022,2021-10-09,Faroe Islands,Austria,0,2,False,Qualification,Qualification,full_time,False,Austria,"Venue: Tórshavn, Faroe Islands"
WorldCupQualifiers,2022,2021-10-09,Moldova,Denmark,0,4,False,Qualification,Qualification,full_time,False,Denmark,"Venue: Chișinău, Moldova"
WorldCupQualifiers,2022,2021-10-09,Andorra,England,0,5,False,Qualification,Qualification,full_time,False,England,"Venue: Andorra la Vella, Andorra"
WorldCupQualifiers,2022,2021-10-09,Hungary,Albania,0,1,False,Qualification,Qualification,full_time,False,Albania,"Venue: Budapest, Hungary"
WorldCupQualifiers,2022,2021-10-09,Poland,San Marino,5,0,False,Qualification,Qualification,full_time,False,Poland,"Venue: Warsaw, Poland"
WorldCupQualifiers,2022,2021-10-09,Ethiopia,South Africa,1,3,False,Qualification,Qualification,full_time,False,South Africa,"Venue: Bahir Dar, Ethiopia"
WorldCupQualifiers,2022,2021-10-09,Ghana,Zimbabwe,3,1,False,Qualification,Qualification,full_time,False,Ghana,"Venue: Cape Coast, Ghana"
WorldCupQualifiers,2022,2021-10-09,Togo,Congo,1,1,False,Qualification,Qualification,full_time,False,,"Venue: Lomé, Togo"
WorldCupQualifiers,2022,2021-10-09,Senegal,Namibia,4,1,False,Qualification,Qualification,full_time,False,Senegal,"Venue: Thiès, Senegal"
WorldCupQualifiers,2022,2021-10-09,Guinea,Sudan,2,2,True,Qualification,Qualification,full_time,False,,"Venue: Agadir, Morocco"
WorldCupQualifiers,2022,2021-10-09,Morocco,Guinea-Bissau,3,0,False,Qualification,Qualification,full_time,False,Morocco,"Venue: Casablanca, Morocco"
WorldCupQualifiers,2022,2021-10-10,Costa Rica,El Salvador,2,1,False,Qualification,Qualification,full_time,False,Costa Rica,"Venue: San José, Costa Rica"
WorldCupQualifiers,2022,2021-10-10,Jamaica,Canada,0,0,False,Qualification,Qualification,full_time,False,,"Venue: Kingston, Jamaica"
WorldCupQualifiers,2022,2021-10-10,Panama,United States,1,0,False,Qualification,Qualification,full_time,False,Panama,"Venue: Panama City, Panama"
WorldCupQualifiers,2022,2021-10-10,Mexico,Honduras,3,0,False,Qualification,Qualification,full_time,False,Mexico,"Venue: Mexico City, Mexico"
WorldCupQualifiers,2022,2021-10-10,Zambia,Equatorial Guinea,1,1,False,Qualification,Qualification,full_time,False,,"Venue: Lusaka, Zambia"
WorldCupQualifiers,2022,2021-10-10,Mauritania,Tunisia,0,0,False,Qualification,Qualification,full_time,False,,"Venue: Nouakchott, Mauritania"
WorldCupQualifiers,2022,2021-10-10,Central African Republic,Nigeria,0,2,True,Qualification,Qualification,full_time,False,Nigeria,"Venue: Limbé, Cameroon"
WorldCupQualifiers,2022,2021-10-10,Cabo Verde,Liberia,1,0,False,Qualification,Qualification,full_time,False,Cabo Verde,"Venue: Mindelo, Cape Verde"
WorldCupQualifiers,2022,2021-10-10,Kenya,Mali,0,1,False,Qualification,Qualification,full_time,False,Mali,"Venue: Nairobi, Kenya"
WorldCupQualifiers,2022,2021-10-10,Uganda,Rwanda,1,0,False,Qualification,Qualification,full_time,False,Uganda,"Venue: Entebbe, Uganda"
WorldCupQualifiers,2022,2021-10-10,Benin,Tanzania,0,1,False,Qualification,Qualification,full_time,False,Tanzania,"Venue: Cotonou, Benin"
WorldCupQualifiers,2022,2021-10-10,Madagascar,DR Congo,1,0,False,Qualification,Qualification,full_time,False,Madagascar,"Venue: Antananarivo, Madagascar"
WorldCupQualifiers,2022,2021-10-10,Bolivia,Peru,1,0,False,Qualification,Qualification,full_time,False,Bolivia,"Venue: La Paz, Bolivia"
WorldCupQualifiers,2022,2021-10-10,Colombia,Brazil,0,0,False,Qualification,Qualification,full_time,False,,"Venue: Barranquilla, Colombia"
WorldCupQualifiers,2022,2021-10-10,Venezuela,Ecuador,2,1,False,Qualification,Qualification,full_time,False,Venezuela,"Venue: Caracas, Venezuela"
WorldCupQualifiers,2022,2021-10-10,Argentina,Uruguay,3,0,False,Qualification,Qualification,full_time,False,Argentina,"Venue: Buenos Aires, Argentina"
WorldCupQualifiers,2022,2021-10-10,Chile,Paraguay,2,0,False,Qualification,Qualification,full_time,False,Chile,"Venue: Santiago, Chile"
WorldCupQualifiers,2022,2021-10-11,Belarus,Czechia,0,2,True,Qualification,Qualification,full_time,False,Czechia,"Venue: Kazan, Russia"
WorldCupQualifiers,2022,2021-10-11,Estonia,Wales,0,1,False,Qualification,Qualification,full_time,False,Wales,"Venue: Tallinn, Estonia"
WorldCupQualifiers,2022,2021-10-11,Netherlands,Gibraltar,6,0,False,Qualification,Qualification,full_time,False,Netherlands,"Venue: Rotterdam, Netherlands"
WorldCupQualifiers,2022,2021-10-11,Norway,Montenegro,2,0,False,Qualification,Qualification,full_time,False,Norway,"Venue: Oslo, Norway"
WorldCupQualifiers,2022,2021-10-11,Latvia,Turkey,1,2,False,Qualification,Qualification,full_time,False,Turkey,"Venue: Riga, Latvia"
WorldCupQualifiers,2022,2021-10-11,Cyprus,Malta,2,2,False,Qualification,Qualification,full_time,False,,"Venue: Larnaca, Cyprus"
WorldCupQualifiers,2022,2021-10-11,Croatia,Slovakia,2,2,False,Qualification,Qualification,full_time,False,,"Venue: Osijek, Croatia"
WorldCupQualifiers,2022,2021-10-11,Slovenia,Russia,1,2,False,Qualification,Qualification,full_time,False,Russia,"Venue: Maribor, Slovenia"
WorldCupQualifiers,2022,2021-10-11,Iceland,Liechtenstein,4,0,False,Qualification,Qualification,full_time,False,Iceland,"Venue: Reykjavík, Iceland"
WorldCupQualifiers,2022,2021-10-11,North Macedonia,Germany,0,4,False,Qualification,Qualification,full_time,False,Germany,"Venue: Skopje, North Macedonia"
WorldCupQualifiers,2022,2021-10-11,Romania,Armenia,1,0,False,Qualification,Qualification,full_time,False,Romania,"Venue: Bucharest, Romania"
WorldCupQualifiers,2022,2021-10-11,Burkina Faso,Djibouti,2,0,True,Qualification,Qualification,full_time,False,Burkina Faso,"Venue: Marrakech, Morocco"
WorldCupQualifiers,2022,2021-10-11,Mozambique,Cameroon,0,1,True,Qualification,Qualification,full_time,False,Cameroon,"Venue: Tangier, Morocco"
WorldCupQualifiers,2022,2021-10-11,Ivory Coast,Malawi,2,1,True,Qualification,Qualification,full_time,False,Ivory Coast,"Venue: Cotonou, Benin"
WorldCupQualifiers,2022,2021-10-11,Gabon,Angola,2,0,False,Qualification,Qualification,full_time,False,Gabon,"Venue: Franceville, Gabon"
WorldCupQualifiers,2022,2021-10-11,Libya,Egypt,0,3,False,Qualification,Qualification,full_time,False,Egypt,"Venue: Benina, Libya"
WorldCupQualifiers,2022,2021-10-12,Iran,South Korea,1,1,False,Qualification,Qualification,full_time,False,,"Venue: Tehran, Iran"
WorldCupQualifiers,2022,2021-10-12,Syria,Lebanon,2,3,True,Qualification,Qualification,full_time,False,Lebanon,"Venue: Amman, Jordan"
WorldCupQualifiers,2022,2021-10-12,United Arab Emirates,Iraq,2,2,False,Qualification,Qualification,full_time,False,,"Venue: Dubai, United Arab Emirates"
WorldCupQualifiers,2022,2021-10-12,Japan,Australia,2,1,False,Qualification,Qualification,full_time,False,Japan,"Venue: Saitama, Japan"
WorldCupQualifiers,2022,2021-10-12,Oman,Vietnam,3,1,False,Qualification,Qualification,full_time,False,Oman,"Venue: Muscat, Oman"
WorldCupQualifiers,2022,2021-10-12,Saudi Arabia,China PR,3,2,False,Qualification,Qualification,full_time,False,Saudi Arabia,"Venue: Jeddah, Saudi Arabia"
WorldCupQualifiers,2022,2021-10-12,Portugal,Luxembourg,5,0,False,Qualification,Qualification,full_time,False,Portugal,"Venue: Faro-Loulé, Portugal"
WorldCupQualifiers,2022,2021-10-12,Serbia,Azerbaijan,3,1,False,Qualification,Qualification,full_time,False,Serbia,"Venue: Belgrade, Serbia"
WorldCupQualifiers,2022,2021-10-12,Kosovo,Georgia,1,2,False,Qualification,Qualification,full_time,False,Georgia,"Venue: Pristina, Kosovo"
WorldCupQualifiers,2022,2021-10-12,Sweden,Greece,2,0,False,Qualification,Qualification,full_time,False,Sweden,"Venue: Stockholm, Sweden"
WorldCupQualifiers,2022,2021-10-12,Bulgaria,Northern Ireland,2,1,False,Qualification,Qualification,full_time,False,Bulgaria,"Venue: Sofia, Bulgaria"
WorldCupQualifiers,2022,2021-10-12,Lithuania,Switzerland,0,4,False,Qualification,Qualification,full_time,False,Switzerland,"Venue: Vilnius, Lithuania"
WorldCupQualifiers,2022,2021-10-12,Kazakhstan,Finland,0,2,False,Qualification,Qualification,full_time,False,Finland,"Venue: Nur-Sultan, Kazakhstan"
WorldCupQualifiers,2022,2021-10-12,Ukraine,Bosnia and Herzegovina,1,1,False,Qualification,Qualification,full_time,False,,"Venue: Lviv, Ukraine"
WorldCupQualifiers,2022,2021-10-12,Faroe Islands,Scotland,0,1,False,Qualification,Qualification,full_time,False,Scotland,"Venue: Tórshavn, Faroe Islands"
WorldCupQualifiers,2022,2021-10-12,Denmark,Austria,1,0,False,Qualification,Qualification,full_time,False,Denmark,"Venue: Copenhagen, Denmark"
WorldCupQualifiers,2022,2021-10-12,Israel,Moldova,2,1,False,Qualification,Qualification,full_time,False,Israel,"Venue: Beer Sheva, Israel"
WorldCupQualifiers,2022,2021-10-12,England,Hungary,1,1,False,Qualification,Qualification,full_time,False,,"Venue: London, England"
WorldCupQualifiers,2022,2021-10-12,Albania,Poland,0,1,False,Qualification,Qualification,full_time,False,Poland,"Venue: Tirana, Albania"
WorldCupQualifiers,2022,2021-10-12,San Marino,Andorra,0,3,False,Qualification,Qualification,full_time,False,Andorra,"Venue: Serravalle, San Marino"
WorldCupQualifiers,2022,2021-10-12,Niger,Algeria,0,4,False,Qualification,Qualification,full_time,False,Algeria,"Venue: Niamey, Niger"
WorldCupQualifiers,2022,2021-10-12,Zimbabwe,Ghana,0,1,False,Qualification,Qualification,full_time,False,Ghana,"Venue: Harare, Zimbabwe"
WorldCupQualifiers,2022,2021-10-12,South Africa,Ethiopia,1,0,False,Qualification,Qualification,full_time,False,South Africa,"Venue: Johannesburg, South Africa"
WorldCupQualifiers,2022,2021-10-12,Namibia,Senegal,1,3,True,Qualification,Qualification,full_time,False,Senegal,"Venue: Johannesburg, South Africa"
WorldCupQualifiers,2022,2021-10-12,Congo,Togo,1,2,False,Qualification,Qualification,full_time,False,Togo,"Venue: Brazzaville, Congo"
WorldCupQualifiers,2022,2021-10-12,Morocco,Guinea,4,1,False,Qualification,Qualification,full_time,False,Morocco,"Venue: Agadir, Morocco"
WorldCupQualifiers,2022,2021-10-13,Honduras,Jamaica,0,2,False,Qualification,Qualification,full_time,False,Jamaica,"Venue: San Pedro Sula, Honduras"
WorldCupQualifiers,2022,2021-10-13,United States,Costa Rica,2,1,False,Qualification,Qualification,full_time,False,United States,"Venue: Columbus, United States"
WorldCupQualifiers,2022,2021-10-13,Canada,Panama,4,1,False,Qualification,Qualification,full_time,False,Canada,"Venue: Toronto, Canada"
WorldCupQualifiers,2022,2021-10-13,El Salvador,Mexico,0,2,False,Qualification,Qualification,full_time,False,Mexico,"Venue: San Salvador, El Salvador"
WorldCupQualifiers,2022,2021-10-14,Bolivia,Paraguay,4,0,False,Qualification,Qualification,full_time,False,Bolivia,"Venue: La Paz, Bolivia"
WorldCupQualifiers,2022,2021-10-14,Colombia,Ecuador,0,0,False,Qualification,Qualification,full_time,False,,"Venue: Barranquilla, Colombia"
WorldCupQualifiers,2022,2021-10-14,Argentina,Peru,1,0,False,Qualification,Qualification,full_time,False,Argentina,"Venue: Buenos Aires, Argentina"
WorldCupQualifiers,2022,2021-10-14,Brazil,Uruguay,4,1,False,Qualification,Qualification,full_time,False,Brazil,"Venue: Manaus, Brazil"
WorldCupQualifiers,2022,2021-10-14,Chile,Venezuela,3,0,False,Qualification,Qualification,full_time,False,Chile,"Venue: Santiago, Chile"
WorldCupQualifiers,2022,2021-11-11,Uganda,Kenya,1,1,False,Qualification,Qualification,full_time,False,,"Venue: Entebbe, Uganda"
WorldCupQualifiers,2022,2021-11-11,Rwanda,Mali,0,3,False,Qualification,Qualification,full_time,False,Mali,"Venue: Kigali, Rwanda"
WorldCupQualifiers,2022,2021-11-11,Ethiopia,Ghana,1,1,True,Qualification,Qualification,full_time,False,,"Venue: Johannesburg, South Africa"
WorldCupQualifiers,2022,2021-11-11,South Africa,Zimbabwe,1,0,False,Qualification,Qualification,full_time,False,South Africa,"Venue: Johannesburg, South Africa"
WorldCupQualifiers,2022,2021-11-11,Congo,Namibia,1,1,False,Qualification,Qualification,full_time,False,,"Venue: Brazzaville, Congo"
WorldCupQualifiers,2022,2021-11-11,Togo,Senegal,1,1,False,Qualification,Qualification,full_time,False,,"Venue: Lomé, Togo"
WorldCupQualifiers,2022,2021-11-11,Tanzania,DR Congo,0,3,False,Qualification,Qualification,full_time,False,DR Congo,"Venue: Dar es Salaam, Tanzania"
WorldCupQualifiers,2022,2021-11-11,Benin,Madagascar,2,0,False,Qualification,Qualification,full_time,False,Benin,"Venue: Cotonou, Benin"
WorldCupQualifiers,2022,2021-11-11,Lebanon,Iran,1,2,False,Qualification,Qualification,full_time,False,Iran,"Venue: Sidon, Lebanon"
WorldCupQualifiers,2022,2021-11-11,Iraq,Syria,1,1,True,Qualification,Qualification,full_time,False,,"Venue: Al Rayyan, Qatar"
WorldCupQualifiers,2022,2021-11-11,South Korea,United Arab Emirates,1,0,False,Qualification,Qualification,full_time,False,South Korea,"Venue: Goyang, South Korea"
WorldCupQualifiers,2022,2021-11-11,China PR,Oman,1,1,True,Qualification,Qualification,full_time,False,,"Venue: Sharjah, United Arab Emirates"
WorldCupQualifiers,2022,2021-11-11,Vietnam,Japan,0,1,False,Qualification,Qualification,full_time,False,Japan,"Venue: Hanoi, Vietnam"
WorldCupQualifiers,2022,2021-11-11,Australia,Saudi Arabia,0,0,False,Qualification,Qualification,full_time,False,,"Venue: Sydney, Australia"
WorldCupQualifiers,2022,2021-11-11,Republic of Ireland,Portugal,0,0,False,Qualification,Qualification,full_time,False,,"Venue: Dublin, Republic of Ireland"
WorldCupQualifiers,2022,2021-11-11,Azerbaijan,Luxembourg,1,3,False,Qualification,Qualification,full_time,False,Luxembourg,"Venue: Baku, Azerbaijan"
WorldCupQualifiers,2022,2021-11-11,Georgia,Sweden,2,0,False,Qualification,Qualification,full_time,False,Georgia,"Venue: Batumi, Georgia"
WorldCupQualifiers,2022,2021-11-11,Greece,Spain,0,1,False,Qualification,Qualification,full_time,False,Spain,"Venue: Athens, Greece"
WorldCupQualifiers,2022,2021-11-11,Russia,Cyprus,6,0,False,Qualification,Qualification,full_time,False,Russia,"Venue: Saint Petersburg, Russia"
WorldCupQualifiers,2022,2021-11-11,Malta,Croatia,1,7,False,Qualification,Qualification,full_time,False,Croatia,"Venue: Ta' Qali, Malta"
WorldCupQualifiers,2022,2021-11-11,Slovakia,Slovenia,2,2,False,Qualification,Qualification,full_time,False,,"Venue: Trnava, Slovakia"
WorldCupQualifiers,2022,2021-11-11,Germany,Liechtenstein,9,0,False,Qualification,Qualification,full_time,False,Germany,"Venue: Wolfsburg, Germany"
WorldCupQualifiers,2022,2021-11-11,Armenia,North Macedonia,0,5,False,Qualification,Qualification,full_time,False,North Macedonia,"Venue: Yerevan, Armenia"
WorldCupQualifiers,2022,2021-11-11,Romania,Iceland,0,0,False,Qualification,Qualification,full_time,False,,"Venue: Bucharest, Romania"
WorldCupQualifiers,2022,2021-11-11,Ecuador,Venezuela,1,0,False,Qualification,Qualification,full_time,False,Ecuador,"Venue: Quito, Ecuador"
WorldCupQualifiers,2022,2021-11-11,Paraguay,Chile,0,1,False,Qualification,Qualification,full_time,False,Chile,"Venue: Asunción, Paraguay"
WorldCupQualifiers,2022,2021-11-11,Peru,Bolivia,3,0,False,Qualification,Qualification,full_time,False,Peru,"Venue: Lima, Peru"
WorldCupQualifiers,2022,2021-11-11,Brazil,Colombia,1,0,False,Qualification,Qualification,full_time,False,Brazil,"Venue: São Paulo, Brazil"
WorldCupQualifiers,2022,2021-11-12,Burkina Faso,Niger,1,1,True,Qualification,Qualification,full_time,False,,"Venue: Marrakech, Morocco"
WorldCupQualifiers,2022,2021-11-12,Djibouti,Algeria,0,4,True,Qualification,Qualification,full_time,False,Algeria,"Venue: Cairo, Egypt"
WorldCupQualifiers,2022,2021-11-12,Gabon,Libya,1,0,False,Qualification,Qualification,full_time,False,Gabon,"Venue: Franceville, Gabon"
WorldCupQualifiers,2022,2021-11-12,Angola,Egypt,2,2,False,Qualification,Qualification,full_time,False,,"Venue: Luanda, Angola"
WorldCupQualifiers,2022,2021-11-12,Guinea,Guinea-Bissau,0,0,False,Qualification,Qualification,full_time,False,,"Venue: Conakry, Guinea"
WorldCupQualifiers,2022,2021-11-12,Morocco,Sudan,3,0,False,Qualification,Qualification,full_time,False,Morocco,"Venue: Rabat, Morocco"
WorldCupQualifiers,2022,2021-11-12,Canada,Costa Rica,1,0,False,Qualification,Qualification,full_time,False,Canada,"Venue: Edmonton, Canada"
WorldCupQualifiers,2022,2021-11-12,Honduras,Panama,2,3,False,Qualification,Qualification,full_time,False,Panama,"Venue: San Pedro Sula, Honduras"
WorldCupQualifiers,2022,2021-11-12,El Salvador,Jamaica,1,1,False,Qualification,Qualification,full_time,False,,"Venue: San Salvador, El Salvador"
WorldCupQualifiers,2022,2021-11-12,United States,Mexico,2,0,False,Qualification,Qualification,full_time,False,United States,"Venue: Cincinnati, United States"
WorldCupQualifiers,2022,2021-11-12,Northern Ireland,Lithuania,1,0,False,Qualification,Qualification,full_time,False,Northern Ireland,"Venue: Belfast, Northern Ireland"
WorldCupQualifiers,2022,2021-11-12,Italy,Switzerland,1,1,False,Qualification,Qualification,full_time,False,,"Venue: Rome, Italy"
WorldCupQualifiers,2022,2021-11-12,Moldova,Scotland,0,2,False,Qualification,Qualification,full_time,False,Scotland,"Venue: Chișinău, Moldova"
WorldCupQualifiers,2022,2021-11-12,Denmark,Faroe Islands,3,1,False,Qualification,Qualification,full_time,False,Denmark,"Venue: Copenhagen, Denmark"
WorldCupQualifiers,2022,2021-11-12,Austria,Israel,4,2,False,Qualification,Qualification,full_time,False,Austria,"Venue: Klagenfurt, Austria"
WorldCupQualifiers,2022,2021-11-12,England,Albania,5,0,False,Qualification,Qualification,full_time,False,England,"Venue: London, England"
WorldCupQualifiers,2022,2021-11-12,Andorra,Poland,1,4,False,Qualification,Qualification,full_time,False,Poland,"Venue: Andorra la Vella, Andorra"
WorldCupQualifiers,2022,2021-11-12,Hungary,San Marino,4,0,False,Qualification,Qualification,full_time,False,Hungary,"Venue: Budapest, Hungary"
WorldCupQualifiers,2022,2021-11-12,Uruguay,Argentina,0,1,False,Qualification,Qualification,full_time,False,Argentina,"Venue: Montevideo, Uruguay"
WorldCupQualifiers,2022,2021-11-13,Zambia,Mauritania,4,0,False,Qualification,Qualification,full_time,False,Zambia,"Venue: Lusaka, Zambia"
WorldCupQualifiers,2022,2021-11-13,Equatorial Guinea,Tunisia,1,0,False,Qualification,Qualification,full_time,False,Equatorial Guinea,"Venue: Malabo, Equatorial Guinea"
WorldCupQualifiers,2022,2021-11-13,Cabo Verde,Central African Republic,2,1,False,Qualification,Qualification,full_time,False,Cabo Verde,"Venue: Mindelo, Cape Verde"
WorldCupQualifiers,2022,2021-11-13,Liberia,Nigeria,0,2,True,Qualification,Qualification,full_time,False,Nigeria,"Venue: Tangier, Morocco"
WorldCupQualifiers,2022,2021-11-13,Malawi,Cameroon,0,4,True,Qualification,Qualification,full_time,False,Cameroon,"Venue: Johannesburg, South Africa"
WorldCupQualifiers,2022,2021-11-13,Ivory Coast,Mozambique,3,0,True,Qualification,Qualification,full_time,False,Ivory Coast,"Venue: Cotonou, Benin"
WorldCupQualifiers,2022,2021-11-13,Bosnia and Herzegovina,Finland,1,3,False,Qualification,Qualification,full_time,False,Finland,"Venue: Zenica, Bosnia and Herzegovina"
WorldCupQualifiers,2022,2021-11-13,France,Kazakhstan,8,0,False,Qualification,Qualification,full_time,False,France,"Venue: Paris, France"
WorldCupQualifiers,2022,2021-11-13,Wales,Belarus,5,1,False,Qualification,Qualification,full_time,False,Wales,"Venue: Cardiff, Wales"
WorldCupQualifiers,2022,2021-11-13,Belgium,Estonia,3,1,False,Qualification,Qualification,full_time,False,Belgium,"Venue: Brussels, Belgium"
WorldCupQualifiers,2022,2021-11-13,Norway,Latvia,0,0,False,Qualification,Qualification,full_time,False,,"Venue: Oslo, Norway"
WorldCupQualifiers,2022,2021-11-13,Turkey,Gibraltar,6,0,False,Qualification,Qualification,full_time,False,Turkey,"Venue: Istanbul, Turkey"
WorldCupQualifiers,2022,2021-11-13,Montenegro,Netherlands,2,2,False,Qualification,Qualification,full_time,False,,"Venue: Podgorica, Montenegro"
WorldCupQualifiers,2022,2021-11-14,Mali,Uganda,1,0,True,Qualification,Qualification,full_time,False,Mali,"Venue: Agadir, Morocco"
WorldCupQualifiers,2022,2021-11-14,Zimbabwe,Ethiopia,1,1,False,Qualification,Qualification,full_time,False,,"Venue: Harare, Zimbabwe"
WorldCupQualifiers,2022,2021-11-14,Ghana,South Africa,1,0,False,Qualification,Qualification,full_time,False,Ghana,"Venue: Cape Coast, Ghana"
WorldCupQualifiers,2022,2021-11-14,Senegal,Congo,2,0,False,Qualification,Qualification,full_time,False,Senegal,"Venue: Thiès, Senegal"
WorldCupQualifiers,2022,2021-11-14,DR Congo,Benin,2,0,False,Qualification,Qualification,full_time,False,DR Congo,"Venue: Kinshasa, DR Congo"
WorldCupQualifiers,2022,2021-11-14,Madagascar,Tanzania,1,1,False,Qualification,Qualification,full_time,False,,"Venue: Antananarivo, Madagascar"
WorldCupQualifiers,2022,2021-11-14,Portugal,Serbia,1,2,False,Qualification,Qualification,full_time,False,Serbia,"Venue: Lisbon, Portugal"
WorldCupQualifiers,2022,2021-11-14,Luxembourg,Republic of Ireland,0,3,False,Qualification,Qualification,full_time,False,Republic of Ireland,"Venue: Luxembourg, Luxembourg"
WorldCupQualifiers,2022,2021-11-14,Spain,Sweden,1,0,False,Qualification,Qualification,full_time,False,Spain,"Venue: Seville, Spain"
WorldCupQualifiers,2022,2021-11-14,Greece,Kosovo,1,1,False,Qualification,Qualification,full_time,False,,"Venue: Athens, Greece"
WorldCupQualifiers,2022,2021-11-14,Croatia,Russia,1,0,False,Qualification,Qualification,full_time,False,Croatia,"Venue: Split, Croatia"
WorldCupQualifiers,2022,2021-11-14,Malta,Slovakia,0,6,False,Qualification,Qualification,full_time,False,Slovakia,"Venue: Ta' Qali, Malta"
WorldCupQualifiers,2022,2021-11-14,Slovenia,Cyprus,2,1,False,Qualification,Qualification,full_time,False,Slovenia,"Venue: Ljubljana, Slovenia"
WorldCupQualifiers,2022,2021-11-14,Liechtenstein,Romania,0,2,False,Qualification,Qualification,full_time,False,Romania,"Venue: Vaduz, Liechtenstein"
WorldCupQualifiers,2022,2021-11-14,North Macedonia,Iceland,3,1,False,Qualification,Qualification,full_time,False,North Macedonia,"Venue: Skopje, North Macedonia"
WorldCupQualifiers,2022,2021-11-14,Armenia,Germany,1,4,False,Qualification,Qualification,full_time,False,Germany,"Venue: Yerevan, Armenia"
WorldCupQualifiers,2022,2021-11-15,Niger,Djibouti,7,2,False,Qualification,Qualification,full_time,False,Niger,"Venue: Niamey, Niger"
WorldCupQualifiers,2022,2021-11-15,Kenya,Rwanda,2,1,False,Qualification,Qualification,full_time,False,Kenya,"Venue: Nairobi, Kenya"
WorldCupQualifiers,2022,2021-11-15,Namibia,Togo,0,1,True,Qualification,Qualification,full_time,False,Togo,"Venue: Johannesburg, South Africa"
WorldCupQualifiers,2022,2021-11-15,Guinea-Bissau,Sudan,0,0,True,Qualification,Qualification,full_time,False,,"Venue: Marrakech, Morocco"
WorldCupQualifiers,2022,2021-11-15,Northern Ireland,Italy,0,0,False,Qualification,Qualification,full_time,False,,"Venue: Belfast, Northern Ireland"
WorldCupQualifiers,2022,2021-11-15,Switzerland,Bulgaria,4,0,False,Qualification,Qualification,full_time,False,Switzerland,"Venue: Lucerne, Switzerland"
WorldCupQualifiers,2022,2021-11-15,Scotland,Denmark,2,0,False,Qualification,Qualification,full_time,False,Scotland,"Venue: Glasgow, Scotland"
WorldCupQualifiers,2022,2021-11-15,Austria,Moldova,4,1,False,Qualification,Qualification,full_time,False,Austria,"Venue: Klagenfurt, Austria"
WorldCupQualifiers,2022,2021-11-15,Israel,Faroe Islands,3,2,False,Qualification,Qualification,full_time,False,Israel,"Venue: Netanya, Israel"
WorldCupQualifiers,2022,2021-11-15,Albania,Andorra,1,0,False,Qualification,Qualification,full_time,False,Albania,"Venue: Tirana, Albania"
WorldCupQualifiers,2022,2021-11-15,Poland,Hungary,1,2,False,Qualification,Qualification,full_time,False,Hungary,"Venue: Warsaw, Poland"
WorldCupQualifiers,2022,2021-11-15,San Marino,England,0,10,False,Qualification,Qualification,full_time,False,England,"Venue: Serravalle, San Marino"
WorldCupQualifiers,2022,2021-11-16,Algeria,Burkina Faso,2,2,False,Qualification,Qualification,full_time,False,,"Venue: Blida, Algeria"
WorldCupQualifiers,2022,2021-11-16,Mauritania,Equatorial Guinea,1,1,False,Qualification,Qualification,full_time,False,,"Venue: Nouakchott, Mauritania"
WorldCupQualifiers,2022,2021-11-16,Tunisia,Zambia,3,1,False,Qualification,Qualification,full_time,False,Tunisia,"Venue: Radès, Tunisia"
WorldCupQualifiers,2022,2021-11-16,Liberia,Central African Republic,3,1,True,Qualification,Qualification,full_time,False,Liberia,"Venue: Tangier, Morocco"
WorldCupQualifiers,2022,2021-11-16,Nigeria,Cabo Verde,1,1,False,Qualification,Qualification,full_time,False,,"Venue: Lagos, Nigeria"
WorldCupQualifiers,2022,2021-11-16,Mozambique,Malawi,1,0,True,Qualification,Qualification,full_time,False,Mozambique,"Venue: Cotonou, Benin"
WorldCupQualifiers,2022,2021-11-16,Cameroon,Ivory Coast,1,0,False,Qualification,Qualification,full_time,False,Cameroon,"Venue: Douala, Cameroon"
WorldCupQualifiers,2022,2021-11-16,Egypt,Gabon,2,1,False,Qualification,Qualification,full_time,False,Egypt,"Venue: Alexandria, Egypt"
WorldCupQualifiers,2022,2021-11-16,Libya,Angola,1,1,False,Qualification,Qualification,full_time,False,,"Venue: Benghazi, Libya"
WorldCupQualifiers,2022,2021-11-16,Morocco,Guinea,3,0,False,Qualification,Qualification,full_time,False,Morocco,"Venue: Casablanca, Morocco"
WorldCupQualifiers,2022,2021-11-16,Lebanon,United Arab Emirates,0,1,False,Qualification,Qualification,full_time,False,United Arab Emirates,"Venue: Sidon, Lebanon"
WorldCupQualifiers,2022,2021-11-16,Iraq,South Korea,0,3,True,Qualification,Qualification,full_time,False,South Korea,"Venue: Al Rayyan, Qatar"
WorldCupQualifiers,2022,2021-11-16,Syria,Iran,0,3,True,Qualification,Qualification,full_time,False,Iran,"Venue: Amman, Jordan"
WorldCupQualifiers,2022,2021-11-16,China PR,Australia,1,1,True,Qualification,Qualification,full_time,False,,"Venue: Sharjah, United Arab Emirates"
WorldCupQualifiers,2022,2021-11-16,Vietnam,Saudi Arabia,0,1,False,Qualification,Qualification,full_time,False,Saudi Arabia,"Venue: Hanoi, Vietnam"
WorldCupQualifiers,2022,2021-11-16,Oman,Japan,0,1,False,Qualification,Qualification,full_time,False,Japan,"Venue: Muscat, Oman"
WorldCupQualifiers,2022,2021-11-16,Jamaica,United States,1,1,False,Qualification,Qualification,full_time,False,,"Venue: Kingston, Jamaica"
WorldCupQualifiers,2022,2021-11-16,Canada,Mexico,2,1,False,Qualification,Qualification,full_time,False,Canada,"Venue: Edmonton, Canada"
WorldCupQualifiers,2022,2021-11-16,Costa Rica,Honduras,2,1,False,Qualification,Qualification,full_time,False,Costa Rica,"Venue: San José, Costa Rica"
WorldCupQualifiers,2022,2021-11-16,Panama,El Salvador,2,1,False,Qualification,Qualification,full_time,False,Panama,"Venue: Panama City, Panama"
WorldCupQualifiers,2022,2021-11-16,Bosnia and Herzegovina,Ukraine,0,2,False,Qualification,Qualification,full_time,False,Ukraine,"Venue: Zenica, Bosnia and Herzegovina"
WorldCupQualifiers,2022,2021-11-16,Finland,France,0,2,False,Qualification,Qualification,full_time,False,France,"Venue: Helsinki, Finland"
WorldCupQualifiers,2022,2021-11-16,Wales,Belgium,1,1,False,Qualification,Qualification,full_time,False,,"Venue: Cardiff, Wales"
WorldCupQualifiers,2022,2021-11-16,Czechia,Estonia,2,0,False,Qualification,Qualification,full_time,False,Czechia,"Venue: Prague, Czech Republic"
WorldCupQualifiers,2022,2021-11-16,Gibraltar,Latvia,1,3,False,Qualification,Qualification,full_time,False,Latvia,"Venue: Gibraltar, Gibraltar"
WorldCupQualifiers,2022,2021-11-16,Montenegro,Turkey,1,2,False,Qualification,Qualification,full_time,False,Turkey,"Venue: Podgorica, Montenegro"
WorldCupQualifiers,2022,2021-11-16,Netherlands,Norway,2,0,False,Qualification,Qualification,full_time,False,Netherlands,"Venue: Rotterdam, Netherlands"
WorldCupQualifiers,2022,2021-11-16,Bolivia,Uruguay,3,0,False,Qualification,Qualification,full_time,False,Bolivia,"Venue: La Paz, Bolivia"
WorldCupQualifiers,2022,2021-11-16,Venezuela,Peru,1,2,False,Qualification,Qualification,full_time,False,Peru,"Venue: Caracas, Venezuela"
WorldCupQualifiers,2022,2021-11-16,Colombia,Paraguay,0,0,False,Qualification,Qualification,full_time,False,,"Venue: Barranquilla, Colombia"
WorldCupQualifiers,2022,2021-11-16,Argentina,Brazil,0,0,False,Qualification,Qualification,full_time,False,,"Venue: San Juan, Argentina"
WorldCupQualifiers,2022,2021-11-16,Chile,Ecuador,0,2,False,Qualification,Qualification,full_time,False,Ecuador,"Venue: Santiago, Chile"
WorldCupQualifiers,2022,2022-01-27,Jamaica,Mexico,1,2,False,Qualification,Qualification,full_time,False,Mexico,"Venue: Kingston, Jamaica"
WorldCupQualifiers,2022,2022-01-27,United States,El Salvador,1,0,False,Qualification,Qualification,full_time,False,United States,"Venue: Columbus, United States"
WorldCupQualifiers,2022,2022-01-27,Honduras,Canada,0,2,False,Qualification,Qualification,full_time,False,Canada,"Venue: San Pedro Sula, Honduras"
WorldCupQualifiers,2022,2022-01-27,Costa Rica,Panama,1,0,False,Qualification,Qualification,full_time,False,Costa Rica,"Venue: San José, Costa Rica"
WorldCupQualifiers,2022,2022-01-27,Lebanon,South Korea,0,1,False,Qualification,Qualification,full_time,False,South Korea,"Venue: Sidon, Lebanon"
WorldCupQualifiers,2022,2022-01-27,Iran,Iraq,1,0,False,Qualification,Qualification,full_time,False,Iran,"Venue: Tehran, Iran"
WorldCupQualifiers,2022,2022-01-27,United Arab Emirates,Syria,2,0,False,Qualification,Qualification,full_time,False,United Arab Emirates,"Venue: Dubai, United Arab Emirates"
WorldCupQualifiers,2022,2022-01-27,Japan,China PR,2,0,False,Qualification,Qualification,full_time,False,Japan,"Venue: Saitama, Japan"
WorldCupQualifiers,2022,2022-01-27,Australia,Vietnam,4,0,False,Qualification,Qualification,full_time,False,Australia,"Venue: Melbourne, Australia"
WorldCupQualifiers,2022,2022-01-27,Saudi Arabia,Oman,1,0,False,Qualification,Qualification,full_time,False,Saudi Arabia,"Venue: Jeddah, Saudi Arabia"
WorldCupQualifiers,2022,2022-01-27,Ecuador,Brazil,1,1,False,Qualification,Qualification,full_time,False,,"Venue: Quito, Ecuador"
WorldCupQualifiers,2022,2022-01-27,Paraguay,Uruguay,0,1,False,Qualification,Qualification,full_time,False,Uruguay,"Venue: Asunción, Paraguay"
WorldCupQualifiers,2022,2022-01-27,Chile,Argentina,1,2,False,Qualification,Qualification,full_time,False,Argentina,"Venue: Calama, Chile"
WorldCupQualifiers,2022,2022-01-28,Colombia,Peru,0,1,False,Qualification,Qualification,full_time,False,Peru,"Venue: Barranquilla, Colombia"
WorldCupQualifiers,2022,2022-01-28,Venezuela,Bolivia,4,1,False,Qualification,Qualification,full_time,False,Venezuela,"Venue: Barinas, Venezuela"
WorldCupQualifiers,2022,2022-01-30,Canada,United States,2,0,False,Qualification,Qualification,full_time,False,Canada,"Venue: Hamilton, Canada"
WorldCupQualifiers,2022,2022-01-30,Mexico,Costa Rica,0,0,False,Qualification,Qualification,full_time,False,,"Venue: Mexico City, Mexico"
WorldCupQualifiers,2022,2022-01-30,Panama,Jamaica,3,2,False,Qualification,Qualification,full_time,False,Panama,"Venue: Panama City, Panama"
WorldCupQualifiers,2022,2022-01-30,Honduras,El Salvador,0,2,False,Qualification,Qualification,full_time,False,El Salvador,"Venue: San Pedro Sula, Honduras"
WorldCupQualifiers,2022,2022-02-01,Lebanon,Iraq,1,1,False,Qualification,Qualification,full_time,False,,"Venue: Sidon, Lebanon"
WorldCupQualifiers,2022,2022-02-01,Iran,United Arab Emirates,1,0,False,Qualification,Qualification,full_time,False,Iran,"Venue: Tehran, Iran"
WorldCupQualifiers,2022,2022-02-01,Syria,South Korea,0,2,True,Qualification,Qualification,full_time,False,South Korea,"Venue: Dubai, United Arab Emirates"
WorldCupQualifiers,2022,2022-02-01,Vietnam,China PR,3,1,False,Qualification,Qualification,full_time,False,Vietnam,"Venue: Hanoi, Vietnam"
WorldCupQualifiers,2022,2022-02-01,Japan,Saudi Arabia,2,0,False,Qualification,Qualification,full_time,False,Japan,"Venue: Saitama, Japan"
WorldCupQualifiers,2022,2022-02-01,Oman,Australia,2,2,False,Qualification,Qualification,full_time,False,,"Venue: Muscat, Oman"
WorldCupQualifiers,2022,2022-02-01,Bolivia,Chile,2,3,False,Qualification,Qualification,full_time,False,Chile,"Venue: La Paz, Bolivia"
WorldCupQualifiers,2022,2022-02-01,Uruguay,Venezuela,4,1,False,Qualification,Qualification,full_time,False,Uruguay,"Venue: Montevideo, Uruguay"
WorldCupQualifiers,2022,2022-02-01,Argentina,Colombia,1,0,False,Qualification,Qualification,full_time,False,Argentina,"Venue: Córdoba, Argentina"
WorldCupQualifiers,2022,2022-02-01,Peru,Ecuador,1,1,False,Qualification,Qualification,full_time,False,,"Venue: Lima, Peru"
WorldCupQualifiers,2022,2022-02-01,Brazil,Paraguay,4,0,False,Qualification,Qualification,full_time,False,Brazil,"Venue: Belo Horizonte, Brazil"
WorldCupQualifiers,2022,2022-02-02,United States,Honduras,3,0,False,Qualification,Qualification,full_time,False,United States,"Venue: Saint Paul, United States"
WorldCupQualifiers,2022,2022-02-02,Jamaica,Costa Rica,0,1,False,Qualification,Qualification,full_time,False,Costa Rica,"Venue: Kingston, Jamaica"
WorldCupQualifiers,2022,2022-02-02,El Salvador,Canada,0,2,False,Qualification,Qualification,full_time,False,Canada,"Venue: San Salvador, El Salvador"
WorldCupQualifiers,2022,2022-02-02,Mexico,Panama,1,0,False,Qualification,Qualification,full_time,False,Mexico,"Venue: Mexico City, Mexico"
WorldCupQualifiers,2022,2022-03-17,Cook Islands,Solomon Islands,0,2,True,Qualification,Qualification,full_time,False,Solomon Islands,"Venue: Doha, Qatar"
WorldCupQualifiers,2022,2022-03-18,Papua New Guinea,New Zealand,0,1,True,Qualification,Qualification,full_time,False,New Zealand,"Venue: Doha, Qatar"
WorldCupQualifiers,2022,2022-03-18,New Caledonia,Fiji,1,2,True,Qualification,Qualification,full_time,False,Fiji,"Venue: Doha, Qatar"
WorldCupQualifiers,2022,2022-03-21,Papua New Guinea,New Caledonia,1,0,True,Qualification,Qualification,full_time,False,Papua New Guinea,"Venue: Doha, Qatar"
WorldCupQualifiers,2022,2022-03-21,New Zealand,Fiji,4,0,True,Qualification,Qualification,full_time,False,New Zealand,"Venue: Doha, Qatar"
WorldCupQualifiers,2022,2022-03-24,Jamaica,El Salvador,1,1,False,Qualification,Qualification,full_time,False,,"Venue: Kingston, Jamaica"
WorldCupQualifiers,2022,2022-03-24,Mexico,United States,0,0,False,Qualification,Qualification,full_time,False,,"Venue: Mexico City, Mexico"
WorldCupQualifiers,2022,2022-03-24,Panama,Honduras,1,1,False,Qualification,Qualification,full_time,False,,"Venue: Panama City, Panama"
WorldCupQualifiers,2022,2022-03-24,Costa Rica,Canada,1,0,False,Qualification,Qualification,full_time,False,Costa Rica,"Venue: San José, Costa Rica"
WorldCupQualifiers,2022,2022-03-24,Lebanon,Syria,0,3,False,Qualification,Qualification,full_time,False,Syria,"Venue: Sidon, Lebanon"
WorldCupQualifiers,2022,2022-03-24,Iraq,United Arab Emirates,1,0,True,Qualification,Qualification,full_time,False,Iraq,"Venue: Riyadh, Saudi Arabia"
WorldCupQualifiers,2022,2022-03-24,South Korea,Iran,2,0,False,Qualification,Qualification,full_time,False,South Korea,"Venue: Seoul, South Korea"
WorldCupQualifiers,2022,2022-03-24,China PR,Saudi Arabia,1,1,True,Qualification,Qualification,full_time,False,,"Venue: Sharjah, United Arab Emirates"
WorldCupQualifiers,2022,2022-03-24,Vietnam,Oman,0,1,False,Qualification,Qualification,full_time,False,Oman,"Venue: Hanoi, Vietnam"
WorldCupQualifiers,2022,2022-03-24,Australia,Japan,0,2,False,Qualification,Qualification,full_time,False,Japan,"Venue: Sydney, Australia"
WorldCupQualifiers,2022,2022-03-24,Solomon Islands,Tahiti,3,1,True,Qualification,Qualification,full_time,False,Solomon Islands,"Venue: Doha, Qatar"
WorldCupQualifiers,2022,2022-03-24,Fiji,Papua New Guinea,1,2,True,Qualification,Qualification,full_time,False,Papua New Guinea,"Venue: Doha, Qatar"
WorldCupQualifiers,2022,2022-03-24,New Zealand,New Caledonia,7,1,True,Qualification,Qualification,full_time,False,New Zealand,"Venue: Doha, Qatar"
WorldCupQualifiers,2022,2022-03-24,Colombia,Bolivia,3,0,False,Qualification,Qualification,full_time,False,Colombia,"Venue: Barranquilla, Colombia"
WorldCupQualifiers,2022,2022-03-24,Brazil,Chile,4,0,False,Qualification,Qualification,full_time,False,Brazil,"Venue: Rio de Janeiro, Brazil"
WorldCupQualifiers,2022,2022-03-24,Paraguay,Ecuador,3,1,False,Qualification,Qualification,full_time,False,Paraguay,"Venue: Ciudad del Este, Paraguay"
WorldCupQualifiers,2022,2022-03-24,Uruguay,Peru,1,0,False,Qualification,Qualification,full_time,False,Uruguay,"Venue: Montevideo, Uruguay"
WorldCupQualifiers,2022,2022-03-24,Italy,North Macedonia,0,1,False,Qualification,Qualification,full_time,False,North Macedonia,"Venue: Palermo, Italy"
WorldCupQualifiers,2022,2022-03-24,Portugal,Turkey,3,1,False,Qualification,Qualification,full_time,False,Portugal,"Venue: Porto, Portugal"
WorldCupQualifiers,2022,2022-03-24,Sweden,Czechia,1,0,False,Qualification,Qualification,after_extra_time,False,Sweden,"Venue: Stockholm, Sweden"
WorldCupQualifiers,2022,2022-03-24,Wales,Austria,2,1,False,Qualification,Qualification,full_time,False,Wales,"Venue: Cardiff, Wales"
WorldCupQualifiers,2022,2022-03-25,Cameroon,Algeria,0,1,False,Qualification,Qualification,full_time,False,Algeria,"Venue: Douala, Cameroon"
WorldCupQualifiers,2022,2022-03-25,DR Congo,Morocco,1,1,False,Qualification,Qualification,full_time,False,,"Venue: Kinshasa, DR Congo"
WorldCupQualifiers,2022,2022-03-25,Egypt,Senegal,1,0,False,Qualification,Qualification,full_time,False,Egypt,"Venue: Cairo, Egypt"
WorldCupQualifiers,2022,2022-03-25,Ghana,Nigeria,0,0,False,Qualification,Qualification,full_time,False,,"Venue: Kumasi, Ghana"
WorldCupQualifiers,2022,2022-03-25,Mali,Tunisia,0,1,False,Qualification,Qualification,full_time,False,Tunisia,"Venue: Bamako, Mali"
WorldCupQualifiers,2022,2022-03-25,Argentina,Venezuela,3,0,False,Qualification,Qualification,full_time,False,Argentina,"Venue: Buenos Aires, Argentina"
WorldCupQualifiers,2022,2022-03-27,El Salvador,Costa Rica,1,2,False,Qualification,Qualification,full_time,False,Costa Rica,"Venue: San Salvador, El Salvador"
WorldCupQualifiers,2022,2022-03-27,Canada,Jamaica,4,0,False,Qualification,Qualification,full_time,False,Canada,"Venue: Toronto, Canada"
WorldCupQualifiers,2022,2022-03-27,Honduras,Mexico,0,1,False,Qualification,Qualification,full_time,False,Mexico,"Venue: San Pedro Sula, Honduras"
WorldCupQualifiers,2022,2022-03-27,United States,Panama,5,1,False,Qualification,Qualification,full_time,False,United States,"Venue: Orlando, United States"
WorldCupQualifiers,2022,2022-03-27,New Zealand,Tahiti,1,0,True,Qualification,Qualification,full_time,False,New Zealand,"Venue: Doha, Qatar"
WorldCupQualifiers,2022,2022-03-27,Solomon Islands,Papua New Guinea,3,2,True,Qualification,Qualification,full_time,False,Solomon Islands,"Venue: Doha, Qatar"
WorldCupQualifiers,2022,2022-03-29,Algeria,Cameroon,1,2,False,Qualification,Qualification,after_extra_time,False,Cameroon,"Venue: Blida, Algeria"
WorldCupQualifiers,2022,2022-03-29,Morocco,DR Congo,4,1,False,Qualification,Qualification,full_time,False,Morocco,"Venue: Casablanca, Morocco"
WorldCupQualifiers,2022,2022-03-29,Nigeria,Ghana,1,1,False,Qualification,Qualification,full_time,False,,"Venue: Abuja, Nigeria"
WorldCupQualifiers,2022,2022-03-29,Senegal,Egypt,1,0,False,Qualification,Qualification,after_extra_time,True,Senegal,"Venue: Diamniadio, Senegal; Senegal wins on penalties"
WorldCupQualifiers,2022,2022-03-29,Tunisia,Mali,0,0,False,Qualification,Qualification,full_time,False,,"Venue: Tunis, Tunisia"
WorldCupQualifiers,2022,2022-03-29,Iran,Lebanon,2,0,False,Qualification,Qualification,full_time,False,Iran,"Venue: Mashhad, Iran"
WorldCupQualifiers,2022,2022-03-29,Syria,Iraq,1,1,True,Qualification,Qualification,full_time,False,,"Venue: Dubai, United Arab Emirates"
WorldCupQualifiers,2022,2022-03-29,United Arab Emirates,South Korea,1,0,False,Qualification,Qualification,full_time,False,United Arab Emirates,"Venue: Dubai, United Arab Emirates"
WorldCupQualifiers,2022,2022-03-29,Japan,Vietnam,1,1,False,Qualification,Qualification,full_time,False,,"Venue: Saitama, Japan"
WorldCupQualifiers,2022,2022-03-29,Oman,China PR,2,0,False,Qualification,Qualification,full_time,False,Oman,"Venue: Muscat, Oman"
WorldCupQualifiers,2022,2022-03-29,Saudi Arabia,Australia,1,0,False,Qualification,Qualification,full_time,False,Saudi Arabia,"Venue: Jeddah, Saudi Arabia"
WorldCupQualifiers,2022,2022-03-29,Ecuador,Argentina,1,1,False,Qualification,Qualification,full_time,False,,"Venue: Guayaquil, Ecuador"
WorldCupQualifiers,2022,2022-03-29,Peru,Paraguay,2,0,False,Qualification,Qualification,full_time,False,Peru,"Venue: Lima, Peru"
WorldCupQualifiers,2022,2022-03-29,Bolivia,Brazil,0,4,False,Qualification,Qualification,full_time,False,Brazil,"Venue: La Paz, Bolivia"
WorldCupQualifiers,2022,2022-03-29,Venezuela,Colombia,0,1,False,Qualification,Qualification,full_time,False,Colombia,"Venue: Guayana, Venezuela"
WorldCupQualifiers,2022,2022-03-29,Chile,Uruguay,0,2,False,Qualification,Qualification,full_time,False,Uruguay,"Venue: Santiago, Chile"
WorldCupQualifiers,2022,2022-03-29,Poland,Sweden,2,0,False,Qualification,Qualification,full_time,False,Poland,"Venue: Chorzów, Poland"
WorldCupQualifiers,2022,2022-03-29,Portugal,North Macedonia,2,0,False,Qualification,Qualification,full_time,False,Portugal,"Venue: Porto, Portugal"
WorldCupQualifiers,2022,2022-03-30,Mexico,El Salvador,2,0,False,Qualification,Qualification,full_time,False,Mexico,"Venue: Mexico City, Mexico"
WorldCupQualifiers,2022,2022-03-30,Costa Rica,United States,2,0,False,Qualification,Qualification,full_time,False,Costa Rica,"Venue: San José, Costa Rica"
WorldCupQualifiers,2022,2022-03-30,Panama,Canada,1,0,False,Qualification,Qualification,full_time,False,Panama,"Venue: Panama City, Panama"
WorldCupQualifiers,2022,2022-03-30,Jamaica,Honduras,2,1,False,Qualification,Qualification,full_time,False,Jamaica,"Venue: Kingston, Jamaica"
WorldCupQualifiers,2022,2022-03-30,Solomon Islands,New Zealand,0,5,True,Qualification,Qualification,full_time,False,New Zealand,"Venue: Doha, Qatar"
WorldCupQualifiers,2022,2022-06-01,Scotland,Ukraine,1,3,False,Qualification,Qualification,full_time,False,Ukraine,"Venue: Glasgow, Scotland"
WorldCupQualifiers,2022,2022-06-05,Wales,Ukraine,1,0,False,Qualification,Qualification,full_time,False,Wales,"Venue: Cardiff, Wales"
WorldCupQualifiers,2022,2022-06-07,United Arab Emirates,Australia,1,2,True,Qualification,Qualification,full_time,False,Australia,"Venue: Al Rayyan, Qatar"
WorldCupQualifiers,2022,2022-06-13,Australia,Peru,0,0,True,Qualification,Qualification,after_extra_time,True,Australia,"Venue: Al Rayyan, Qatar; Australia wins on penalties"
WorldCupQualifiers,2022,2022-06-14,Costa Rica,New Zealand,1,0,True,Qualification,Qualification,full_time,False,Costa Rica,"Venue: Al Rayyan, Qatar"
